6.877310509394849447e-01,1.611586165249131897e+00,1.569744304984067806e+00,8.837820288028671589e-01,7.222496599906194081e-01
-5.457259484333538690e-01,-1.529624117927391502e+00,-9.309014553723031771e-01,-3.646005421216811371e-01,-1.140097581596038356e+00
-5.774813035290690122e-01,-1.569061118469490257e-01,-2.361739529303445995e-01,-2.884805046148054553e-01,-1.403246203483701660e+00
3.696403087471286097e-01,-2.811493476999027408e-01,5.009513148440898345e-01,7.190974841363466652e-01,3.112148716280607186e-01
5.441445813391884156e-01,4.260554309634196346e-01,3.073840573617462879e-01,8.389354756667789514e-01,-1.357046090371892388e+00
4.963216979762298253e-01,2.805684625708695368e+00,5.655896038348912080e-01,9.616822229048926918e-02,2.056188589939859312e+00
-6.224943022946080040e-01,-5.493485631206698194e-01,-4.521938630366717504e-01,-4.833452969850851044e-01,-6.269360033888451422e-01
5.476846922490435920e-01,-2.182747316020303696e-01,2.857274535177420360e-01,7.929547264297690523e-01,-1.132303608556942009e+00
-8.795890571179907358e-01,-2.745091565457812521e+00,3.840320833833920089e-01,-9.886621996049896888e-01,-1.907723904852182795e+00
-6.671086102800128925e-01,1.027402736844752473e+00,-1.267776025190040734e+00,-4.631297079810944295e-01,-1.074057106355639224e+00
-7.247599344797924781e-01,-1.091318232010545231e+00,-7.366090348836282775e-01,-1.502226929487874285e+00,-1.047862296956918016e+00
2.382580336097683549e-01,-1.104294685947352361e-01,8.980801967775094985e-01,7.783526404509026886e-01,5.422444483042221375e-01
-2.560831558152987242e-01,-2.337551833888800168e+00,3.469164989382511610e-02,2.814857547213563960e-01,-6.159465730553033147e-01
-6.920249626498164996e-01,-1.584150860885271683e+00,-7.662670473945842886e-02,-1.122073464948275978e+00,3.356114536384613434e-02
2.289788445920967058e-02,-1.165134700333407825e+00,-8.672947186076376269e-01,-7.678476253576832500e-01,1.122428631818788713e-01
-7.441200821583983105e-01,-2.795751905962063688e+00,-8.930547969311903866e-01,-6.062932222044492558e-02,-1.280763314507877837e+00
-3.670693450839305760e-01,-2.464085620574866908e+00,-3.508364226348711923e-01,-1.982054278622609189e-01,-8.822978499425659926e-01
-2.267726900073530616e-01,-1.159461150347466329e+00,5.006298849036802112e-01,-8.706257389533725299e-02,-6.827954427804043824e-01
-4.128934291927677247e-01,-1.465919355538488622e-01,-8.973521293787845021e-01,-5.622221686165341792e-01,-2.288466722498077865e-01
-7.315101580240329637e-01,-1.653024813274956983e-01,-7.763992427328201273e-01,-1.283551393199381607e+00,-6.773672145363159869e-01
-9.073234059024894993e-01,-2.379994463185846509e+00,1.695359760129718785e-01,-1.541372700813081309e+00,-2.805184603225575835e+00
7.987496166951792986e-01,2.319771123769667653e+00,1.035708009606719493e+00,1.154826701422090984e+00,3.680651383185461478e-01
-1.503306784456638345e+00,-3.672274831397313033e+00,-1.277550701729763150e+00,-2.028328401539408521e+00,-2.653299927164805450e+00
2.165793329225139119e-01,3.501077034560490464e+00,1.834254435589631749e-01,1.356858811338366444e-01,2.006837539254947789e+00
-5.853391810715147248e-01,-1.192214070325458453e+00,9.553423551148942927e-02,-1.211556954552292842e+00,-3.177820279711082163e-01
-5.146310171628326602e-01,-1.431531692489028451e+00,-1.610919309354462037e+00,-6.367985814022791846e-01,-3.942015235900213632e-01
-1.296387524654132539e+00,-2.875647272869010784e+00,-1.792484680682963738e+00,-2.301975214979147477e+00,-2.743302751526504490e+00
-2.221160722858282754e-02,-1.601195768812740505e+00,-3.514962670526715627e-01,-7.760259877162589692e-01,-1.544275954696732622e+00
-4.033785667440271117e-01,-7.127263914482886431e-01,-3.358898929245811016e-01,-1.207358856953390847e+00,1.772981989506608458e-01
7.699428718369655256e-01,1.555874840825121064e+00,7.850045761980951609e-01,2.965098788530541318e-01,1.122984941686677285e+00
-4.113840506069429415e-01,-1.508584443459540791e+00,-1.656921158925007020e+00,-3.040607039119348487e-01,-1.244053644112197432e+00
-7.923874773152674855e-01,-1.346900975921835997e+00,-7.416205732736642631e-01,-1.445758410109859060e+00,-1.261010267280206598e+00
-8.733029666303939731e-01,-3.147666976326760846e+00,-1.384259714931810992e+00,-8.621117206935695609e-01,1.676121850880063491e-03
6.956683564667272002e-01,1.293406576942010888e+00,2.350748561472944864e+00,1.110111586399714634e+00,4.822907165472762880e-01
4.129008075408292511e-01,-5.074318554769986500e-01,2.623157286978127778e-01,1.341215035853142057e+00,-7.502502481081698704e-01
-2.538717248093073642e-01,-1.853323083038322050e+00,3.570582384716950441e-01,-3.231350845647140702e-02,-1.105117699038184798e+00
1.206105531177015244e+00,3.250944111374142409e+00,9.045292869459355956e-01,1.989675334220927461e+00,6.409844687620184223e-01
1.936077696685303828e-01,4.437717997568766393e-01,5.460534119117518848e-02,-2.717132769083419053e-03,-8.361400559609694083e-02
-2.139992149303623359e-01,1.328100492831829182e+00,-7.134719332283554483e-01,-1.120570797366567284e+00,-3.137135340217841462e-01
3.766197115411409335e-01,-8.809488284233910060e-02,8.761263060398217783e-01,7.903452517736382354e-01,-7.436457110286243122e-01
-8.005912076022074775e-01,-1.173804120888050972e+00,-4.406656531584296488e-02,-5.809605478091612873e-01,-5.526120080767247256e-01
7.297629470379547734e-02,-3.936723949830995828e-01,-6.611439832139582862e-01,-1.010043666931331324e-01,8.674301873231838877e-01
-8.232268802852988898e-01,-1.226481661510081977e+00,-5.366388959314125628e-01,-1.379444597874412981e+00,-1.616153850247076251e-01
4.186299793150249915e-01,1.402099055754287615e+00,8.800965885899010299e-01,3.793269221338724240e-01,-3.224409974705545467e-01
4.602107387986866804e-01,3.269088322542962111e+00,1.275022579096457997e+00,2.956145552007244381e-01,6.136362866647768755e-01
-7.949437718798083030e-02,-1.269451655398628143e+00,-3.555971953560599363e-01,4.123795723841974237e-01,-9.939236255295204048e-01
7.828554067981804421e-01,2.615084371037112554e+00,1.719315426184076623e+00,9.932006065334461065e-01,2.099575166956421768e+00
-5.111062500092906635e-01,-3.483333822375622724e+00,-1.151415491873154284e+00,-3.660689682095307762e-01,-6.605326740648511663e-01
3.917298450862060633e-01,5.834529057165962485e-01,6.076825618863370693e-01,6.776201935967129941e-01,3.974105595608212194e-01
-9.051946454848501522e-02,-5.725606739906119458e-01,-2.834567434555643750e-01,-5.361488018547184708e-01,-9.738284629001441317e-01
-8.396647889168659118e-01,-5.751065228363988480e-01,-9.322382243987260564e-01,-2.941088811802737846e-01,1.146612877901519223e+00
5.001595285439737193e-01,4.255839996688862037e+00,1.238800481322136271e+00,5.822371014381442222e-01,1.127836496982182801e+00
1.234835935588400879e+00,2.814889821506238565e+00,1.661110220893321721e+00,1.325358075812749670e+00,9.698846155282985215e-01
2.249899454062792348e+00,5.949595883289085840e+00,4.076066927213101820e+00,3.722754361775425735e+00,1.442936869905800057e+00
6.718690275716961147e-02,-1.100156634970111957e-01,1.199816405515462397e-01,3.870485078999167383e-01,1.082965764962677602e+00
3.495718875235068190e-01,-4.384519530131730236e-01,1.758067702498655738e-02,3.128842630882361364e-01,-2.627513703793448729e-01
1.242440609298150367e+00,4.716815357796297903e+00,2.049685860393169801e+00,1.237379285737389534e+00,4.547964085308106030e-01
-7.631731835074112569e-01,-1.780002865115736022e+00,-5.309735284130291388e-01,-1.724317729606152039e+00,-1.131670681740171158e+00
1.102697069564149146e+00,2.361703488587650668e+00,9.602608421783512815e-01,1.057145581612398910e+00,2.379044663459245257e+00
-1.207379207351560568e+00,-1.204112813127820258e+00,-3.641811961580179169e-01,-1.468934661957379317e+00,-1.774498453528853270e+00
-8.402397215146262255e-01,-3.400614987318739679e+00,9.370588600310369998e-02,-1.567587776449091086e+00,-1.424725296292181698e+00
-1.629667310682635650e-01,-9.862350035365365919e-01,-9.278424295113992804e-01,2.331228042909992415e-01,5.190857670237525312e-01
-2.790973416804624074e-01,-1.222664454096507480e+00,-4.043856477059738497e-01,-5.853573736218906642e-01,-1.282649722339701537e+00
7.033600659074046302e-01,1.909031857963918055e+00,1.508158309722772872e+00,1.339745491377228648e+00,2.177077321786391906e+00
-7.764808905751596768e-01,-3.527511676554603959e+00,-1.133861851627433248e+00,-1.455063842120192241e+00,-1.090286310826508176e+00
-9.201974765544668200e-02,4.360925450975706164e-01,9.963002097350874831e-01,-6.590167899480520175e-02,5.942463663542500996e-01
-2.537444705767183395e-01,-1.605065378486044247e+00,-2.327623629051143728e-01,-3.110312637826785354e-01,5.152641950507659274e-01
1.184063241288277057e-01,-2.829772188684360201e-01,4.672838874957439548e-01,8.837697253861284685e-02,-3.189121932644443103e-01
4.461509553965277153e-01,-1.208667611710927181e+00,6.574994673987801796e-01,6.027629121705054827e-01,-8.367834456024176859e-01
6.782665489254403601e-01,2.122767260097633724e+00,1.520632056156364653e-01,6.997509163537712906e-01,7.406070854809245763e-01
2.334496019095350372e-01,4.772542902485231053e+00,2.435143196756189010e-01,2.425591542171030290e-01,-5.538997820206864597e-01
2.786489517461873122e-01,-3.794344141685657146e-02,-2.511968664241615024e-02,1.220467989691715438e+00,2.689427208334082553e-01
3.638907160742373137e-02,1.749511687802870474e-01,-1.073651156758732572e-01,1.524435675461291995e-01,1.041212711912697042e+00
-1.135739758983299819e+00,-6.373939743327618146e+00,-4.234524001119400749e-01,-9.242766154025684466e-01,-1.771897638152758025e+00
-1.328031439699207672e+00,-2.160218695231773900e+00,-8.638091201566480137e-01,-1.173206749888096034e+00,-1.029808997144499028e-01
2.611716329623168242e-01,-9.427619546235856962e-01,2.296708713174329675e-01,6.143684144140417747e-01,7.214868561824963056e-01
-1.008846979312825853e+00,-2.136730412317185746e+00,-7.654637999235931467e-01,-8.231963814542687663e-01,-2.379518392683433348e+00
-5.743196417888225547e-01,2.637084704704695803e-01,4.022657970108380887e-01,-5.667308943534743459e-01,5.535589674242694658e-01
1.590515765553362215e-01,-7.093153907873998021e-01,2.412852837575385212e-01,2.326717329355781072e-01,7.067869496106474747e-01
-2.555351967867993124e-01,2.627704992806868534e-01,-3.987297414467885770e-01,-4.637130552268375894e-01,-4.331128860888963095e-01
-5.808770217517700285e-01,-1.610036787953463611e+00,-6.467743291204153255e-02,-1.098748861647331987e+00,-3.603009244911003495e-01
-6.567723522949783233e-01,2.706793987236824073e+00,-9.020191198650657771e-01,-1.288566834755309642e+00,1.575820420475967820e+00
2.719632392914879751e-02,-6.474487896104654805e-01,-5.964928736508150475e-01,9.190560436025203561e-01,-3.537942795511127558e-01
1.066943338663641994e+00,4.214484329595438616e+00,2.279491858787532799e+00,1.466427381310126510e+00,1.268286830468051463e+00
-1.234398404321468412e+00,-4.013213164056029569e+00,-1.813343470254781487e+00,-1.663751032898729276e+00,5.174373644757366275e-01
-1.786326670581618870e-01,-2.644195518037816939e+00,4.254914193816045076e-03,1.858116311356535766e-01,-3.656678011393424965e-01
6.991379521148731735e-01,-4.077192728203686833e-01,1.061249968309958103e+00,-3.484493593909144815e-01,3.956173273108066213e-01
1.917630913438094220e-01,4.854288451609755084e-01,1.039498750488586781e-01,4.228238860643749875e-01,3.724908688701358273e-01
-4.349148735904920793e-01,1.690042909131224347e+00,7.607025487578413792e-01,-4.750468800225491339e-01,-9.576772438011129651e-01
2.348747530436631412e-02,2.366394600600095099e+00,1.252987815457903054e+00,8.029680925217316800e-02,-9.319000437723053143e-02
2.973076296799145313e-01,-7.176190431004720871e-01,6.469756760368559068e-01,1.444027931781623475e-01,2.207237545637323606e-01
7.387274378288599674e-01,9.618863841596503317e-01,-5.466643373234880698e-02,8.276342993858518682e-01,1.531932989241676646e+00
-1.162080527445989331e+00,-2.635380853317922156e+00,-8.589899978156483318e-01,-1.095939200457484830e+00,-6.025482123091417952e-01
-6.263254673092832903e-01,-2.879164960017838393e+00,-1.569650420978969452e+00,-2.085056362242222461e-01,-1.125421527121981624e+00
2.009138492550638089e-01,8.179454953518554561e-01,6.299099051438827868e-01,5.906946176613967481e-01,1.896498180249396592e-01
3.150862776191433734e-01,7.242156148885726674e-01,9.137495861160817023e-01,5.160032879853627685e-01,1.373798803553677672e+00
1.773865264002804365e-01,-4.801149323269606750e-01,4.613865003084914873e-01,2.919399890164761646e-01,1.496079117536009306e+00
2.991146737903184194e-01,1.884544241010977395e+00,1.142562631529763895e+00,3.127780145223791886e-01,1.460753129763096236e+00
6.418391386063980741e-01,1.009999744549191725e+00,8.559603764881460464e-01,3.643918579063170071e-01,-1.223918535305941191e-01
3.337888314169882298e-01,2.287610785746653219e-01,-1.147485095022817148e-01,5.989587061613768082e-01,-9.326262310365384112e-01
1.868396164136375548e+00,6.251294028431454208e+00,1.718211985430343258e+00,2.194744828772783762e+00,2.690827748232963668e+00
-4.901339107239729986e-01,-2.594965694739182371e+00,2.303709194146518757e-01,-1.479530960390126548e+00,-1.945439739095485621e+00
-2.597370632853648886e-01,-7.417417557135289607e-01,-1.492805797818219204e+00,-4.188039550743770101e-01,-4.406234557267010854e-02
-1.055509509054299855e+00,-3.084655445886161473e+00,-8.748267442478846467e-01,-1.660502379922523364e+00,-4.264347108199187941e-01
4.332002272103649965e-01,6.298655462779745307e-01,-2.812733175135829766e-01,4.506660482162495041e-01,3.090356053099534983e-01
1.748221119674859270e-01,2.142404979356726802e-01,1.561492667035301096e+00,9.927069343685118730e-02,9.313520411002060850e-01
-1.142532466489735027e-01,-1.401763015688723080e+00,-1.006188692768198001e+00,-7.485662130485023491e-01,-5.256710290988536594e-01
-8.334960849443292519e-01,-1.846392006025584509e+00,-2.212058864767567190e+00,-1.409684850900782216e+00,-4.381568875294054588e-01
1.428147808882701320e+00,1.639683328004610807e+00,1.989274978302228547e+00,1.657835444633248834e+00,2.075169416701852843e+00
3.044191390117362839e-01,3.951968973858570155e+00,8.017886635649933424e-01,-3.447149844560163379e-01,2.618476053255181846e+00
6.007179741151920105e-01,2.388412275682919805e+00,1.283165089196140474e-01,9.686253508065505446e-01,7.319332938310185721e-01
-9.777682934066195264e-01,-3.679068723086655890e+00,-1.155824360461079614e+00,-9.725394725963280029e-01,-3.113842541026714095e+00
2.430575868312295496e-01,1.000066283476402251e+00,-6.349123530564533269e-01,2.244814247361664739e-01,5.674128909762070627e-01
3.641190838919887707e-01,-3.034892073768131193e-01,1.753199493151026689e-01,3.816603830285705268e-01,-6.255689954968863820e-01
1.254201754063019258e+00,3.579057283618747753e+00,1.690248868401892590e+00,1.659215349027191477e+00,2.475042543784645055e+00
4.279113635577331820e-01,-7.572727472664464443e-02,5.262093970766476003e-01,6.638177778043337085e-01,3.170742176887929031e-01
7.781039778515260741e-01,3.686765533461486832e-01,6.737112701677835380e-01,5.176033493891464277e-01,1.640116002341974744e-01
-1.130349057536847557e+00,-3.233212094745367082e+00,-1.584788447516173759e+00,-1.600916397581806816e+00,-1.900599223921282555e+00
-1.510585043047538711e-01,1.647673935817202562e+00,4.493562549171186138e-01,-4.478963860496057992e-01,5.979034556399835942e-01
6.390315619309430706e-02,-1.233331129509964041e+00,1.101379834054134754e+00,-4.190302520634981986e-01,-1.962011529478110416e-01
-6.970183025945871080e-02,1.472058631167387110e+00,7.659524994424660171e-01,-2.135972361905197070e-01,1.894226927433341756e-01
-2.075503306800773329e-01,-8.602314675800963872e-01,-1.007480516200371712e+00,-7.359932733087581891e-01,-2.165192695439531467e-01
-2.277310854548631469e-01,-6.792113737590692590e-01,-1.144682901989708818e-01,-5.218962364765193929e-01,-3.462650377245027333e-02
9.471197468937592179e-01,3.549797227338094885e+00,4.815904897546784413e-01,1.630284985988558200e+00,1.626177208358768889e+00
-3.072819891509991352e-01,8.847514735936639063e-01,-4.959113935778082238e-01,3.288582148664226379e-01,2.919132925661099831e-01
5.380397011079570690e-01,1.661442628827155543e-01,8.256726181432106904e-01,4.840513274130495702e-01,-2.824218533521577479e-02
5.046339356532014708e-01,6.102835700143420805e-01,2.168461267446545992e+00,9.976813251595417764e-02,1.587171873017791723e+00
-2.577376867182119002e-01,-5.576085704796473586e+00,-3.117100488212401488e-02,1.585858103997496715e-01,-2.749744184774969735e+00
1.027294259721586167e-01,-1.367535828226592809e+00,1.585800568860472048e-01,-3.571937628789005892e-01,-1.424558256706431658e+00
-1.728579529973254258e+00,-3.229579385966924399e+00,-2.013782211331388350e+00,-2.239074692338078432e+00,-1.761204006189395876e+00
-4.413199241940914397e-01,-8.750496885571443784e-01,-4.146570831620977060e-02,-5.958139010718943585e-01,1.367561451570769582e-01
7.955729996549181227e-01,2.938826721149375487e+00,-1.197997235632327628e-01,1.159459544037455769e+00,1.352609172703128415e+00
-4.584624135593797778e-01,2.735786280609661780e+00,1.617446137309130894e-02,-7.798939975249155054e-01,-4.558665550802973310e-01
-1.495213075386192525e+00,-1.821363641137023315e+00,-9.312356156548246000e-01,-2.663947845314003970e+00,-8.219321870305873468e-02
7.068415333625220898e-01,7.742921881663876738e-01,2.124796136295634685e-01,1.270851523028240226e+00,-3.536242101321778186e-01
-9.427329971963803734e-01,-1.127485235152268617e+00,6.526226741561258482e-02,-1.410751139337004689e+00,-6.662398794113687517e-01
9.816061209536256493e-01,1.293389042871584849e+00,2.432887928725441018e+00,8.835851894835534681e-01,5.463393742689421906e-01
-2.579320077813349391e-02,-4.835700809005828715e-02,-4.305400710501985362e-01,2.205284952820119743e-02,1.251794495989337064e-01
-9.448557286282768253e-01,-3.641762948933389588e+00,-4.194662950822343195e-01,-1.657139865382081023e+00,-4.567436460569826995e-01
-5.015714636048745900e-01,1.661859226793907185e+00,-7.358106399130001085e-01,3.202755868817234175e-01,1.196088542097190732e+00
1.134751598255778537e+00,2.125268275773285254e+00,8.003058558207649664e-01,1.788521199342403944e+00,7.650399371771199331e-02
1.332633814690311058e-01,3.432877211365002457e-01,7.016009249407877402e-01,-2.466248619560656719e-01,4.324151517453717064e-04
-6.238514657646890282e-02,-1.480910666295350175e+00,2.062773648590795483e-01,-1.688807461862706361e-01,-8.233698941413271077e-01
1.143647952490302322e-01,7.381618696709152383e-02,-5.992685010244266364e-01,-1.601387596507939937e-01,1.998884457130862824e-01
-1.268920355931286159e-01,-7.348233971356484817e-01,-9.839564542823804327e-01,-6.068322564490329363e-01,8.087009464334186104e-01
-4.703619536448122584e-01,1.478669570398889022e+00,-2.918586147366266093e-01,-1.066570410093890864e+00,9.286173940431861062e-01
4.521317491475481121e-01,1.325955991311530857e+00,-3.449307378522072365e-01,4.624914396155555552e-01,8.839323211246499223e-01
1.067156460068318546e+00,3.234567408932884192e+00,3.687633091790708528e-01,1.575316803000133437e+00,1.217057338868091421e+00
6.246515270911916912e-02,6.123351879688063715e-01,-3.733105468146720451e-02,5.206034511168890211e-02,1.257059760926011682e+00
1.152148370308103686e+00,2.108974218091602459e+00,9.357384347510970812e-01,1.400713799759722544e+00,1.582083757245156264e+00
8.065789698496911297e-01,2.155493332222159442e+00,1.110191754316400159e+00,1.248811777769289311e+00,-4.357091369184704632e-01
-1.104637291344739092e+00,-9.944494298598833826e-01,1.383167562089004932e-01,-1.066296787221660214e+00,-1.172890810120459815e+00
5.105461874447572157e-01,1.103903827471148791e+00,-1.856970792053003194e-01,4.496869701357711913e-01,2.591079090305014709e+00
9.722015799983773077e-01,8.985334604900334643e-01,1.944668737023938609e+00,1.937463102423629291e+00,1.621240563089680009e+00
-1.468526465032992556e+00,-2.901773851468492982e+00,-2.268047482943719828e+00,-1.352807423213209237e+00,-1.526764078913149580e+00
-4.121618304844881786e-01,9.959294625503423148e-01,-3.301514963168828976e-01,-1.012562466098537062e+00,1.273362307141437944e+00
3.305063072003230351e-01,1.508499612024862380e+00,1.038637966820344705e+00,4.944058903175750919e-01,3.824234302496341553e-01
-6.518739910891674372e-01,-1.942463928940612039e+00,8.392450925305187104e-01,-9.951532842713854965e-01,-5.970323729072668506e-02
-9.296212059890007762e-03,7.566754187947066779e-02,-9.651658194160835924e-01,2.146089410720266322e-01,1.318180177776528961e+00
-2.577990519203507969e-01,-5.940026437789920344e-01,8.269177857644078866e-01,3.569582098666131409e-01,-1.777828486742651093e-01
-7.216992469216538808e-01,1.605227377713711601e+00,-7.276579598290154882e-01,-5.669206236970598667e-01,5.446264164498922922e-01
-1.512945008762448251e-01,-9.084249721545969436e-01,6.125477347912050563e-03,-5.547166553956738300e-01,-3.861687501211264473e-01
-3.699659829698479507e-01,1.215132084796290979e+00,1.960698735950078264e-02,-2.462923835883855106e-01,1.052110056819854367e-01
-1.094682974603752301e-01,2.126261433003135970e-01,1.099450566862702150e+00,-8.281134948260569784e-02,2.154615109972793374e-01
-1.040937483604782998e-01,-3.608281465596597570e+00,1.431322377160926695e+00,7.151413462021913858e-01,-1.870390439145736217e+00
-5.810053464944973101e-01,6.949352584163559499e-01,-2.739146594724480854e-01,-7.411463319439467456e-01,8.766214468126812820e-01
-6.718260442345884709e-01,-1.771205590451710332e+00,-9.796706512148495305e-01,-1.072254515647518058e+00,-1.161493209210112898e+00
-5.389422422191404438e-01,-5.507664825943270337e-02,-9.555178732331657265e-01,-6.560141474500379433e-01,-2.042516022025534506e-01
2.634032368693849935e-01,-2.144322503350264419e+00,-1.004748923866147781e+00,3.501210002643600494e-01,-5.824203431738109726e-01
-8.327611053057003554e-01,-2.077431456820677980e+00,-1.740080902981512079e+00,-1.659580317321704523e+00,-1.267904854646285218e+00
8.864244286836832076e-01,7.801353926140522921e-01,1.598049375476272349e+00,9.602844870344300343e-01,3.666730975841836493e-02
-7.443581216310077853e-01,-1.210600683400006927e+00,-1.751537595176825723e+00,-1.377540905509574864e+00,-5.074832298983351642e-01
1.283096306806650988e+00,1.018492505543408644e+00,5.953726149587417193e-01,1.283674355578798831e+00,3.234725957211236347e-01
-2.670393833416001561e-01,6.129399575441178971e-01,-5.861143764851473037e-01,-8.926873469168434827e-01,-6.221612721410194613e-01
-4.252963686458351988e-01,-1.776259973199099562e+00,-8.265907637068445890e-01,-4.998088836486115349e-01,-1.079134621904605629e+00
-4.794532472932236389e-01,-2.295907963873077495e+00,-9.928312866387978275e-01,-6.155283518332763659e-01,-1.656479679398505489e+00
2.561276991127403591e-01,-5.667098790391724705e-01,-3.268606138862190646e-01,9.646533022529577561e-01,-8.435635283242288729e-01
3.878642137807443435e-02,7.774214348768263005e-02,-2.952185853643922719e-01,-3.627648166409492836e-01,3.273126484037275352e-01
-7.437034884075394148e-01,-2.096173156009385252e+00,1.500176671818127527e-01,-1.286626211200460279e+00,-8.762030597304415469e-01
5.268967328175658965e-02,7.218919380331331181e-01,5.170777933157685302e-01,-1.513328049695654987e-01,2.287712657868798405e-01
2.759871178932614133e-01,3.433201710329089718e+00,3.982369176061271165e-01,1.124408143239410851e+00,1.473793899439992172e+00
7.618958892788302295e-02,2.557882956488666815e-01,-3.129707703563536225e-01,4.160603936152404425e-03,2.477056076267816764e-03
8.827450663050270263e-01,4.041544235380204242e+00,1.011817933581078188e+00,1.834544593241166588e+00,2.302938109878356787e+00
-1.871161043208922958e+00,-4.853556180780651097e+00,-1.696501891043602939e+00,-3.840936411131768757e+00,-2.876557704114149239e+00
-2.197290184776059252e-01,6.336921149481514748e-01,-7.043017088703107387e-01,-7.150331149793230923e-01,9.611349580399838888e-02
-5.154015015765899266e-01,-3.829657086920458919e+00,-1.178877256892802539e+00,3.117362627120261465e-01,-3.223293457119501770e+00
2.843491363615816003e-01,-2.854969843877538382e-01,4.765078438754162260e-01,1.271204569775929993e-01,-1.303550037874795287e+00
1.357334562997408955e+00,5.743954431316516285e+00,9.685105330674246282e-01,2.285956058725040485e+00,3.233466035361392432e+00
-1.049453827451713117e+00,2.409580955380863365e-01,-1.504983713117755473e+00,-1.821540768471793692e+00,-1.361837318722012968e+00
-6.502496428116935068e-01,-8.457441245458360290e-01,-6.567636693447190810e-01,-1.512026195912264281e+00,2.105823035097550422e-01
-2.079604726864604791e-01,-2.691559837596089189e+00,-2.360282926639616641e-01,-6.627095584603390210e-02,-1.781849606071845615e+00
6.575214588328618381e-01,1.135767855388500669e+00,8.485263932878772675e-02,9.910871952145764441e-01,1.062879734113366670e-01
7.350034252370165611e-01,-4.979251149332006854e-01,1.737603211802287273e+00,1.067345866773624197e+00,1.615970071504702510e+00
-5.442283543298417348e-01,-8.524612619672974345e-01,-3.517214396573349333e-01,2.530059753645470533e-01,-8.305682537003467036e-01
6.053290346793748222e-01,4.988020685175387214e-02,5.247261612652165397e-01,4.977931797969848970e-01,3.893431709003623009e-01
-5.561653256961780756e-02,-8.577576977138674508e-01,4.014382014818223543e-01,-1.216533104549533811e-01,1.192721489789805300e+00
7.361168527024017916e-01,1.701725342998676727e+00,1.603534487953344634e+00,1.566767583460180857e+00,4.674459421050561336e-01
5.484573371340355219e-02,-8.827033837960824858e-01,8.516400142207104784e-02,6.886084761562821788e-01,-1.005334322487273058e+00
3.994676384351386611e-01,2.344881285027782702e+00,-1.126209810061361338e+00,2.659280149246653902e-01,4.632246113420224742e-01
1.508640778023083440e-02,-1.285965777081896189e+00,-7.107625781769332241e-01,3.278634907110943852e-01,-4.346416710202438138e-01
-6.351662871811772915e-01,3.049059560952749326e-01,-6.774727499749056969e-01,-7.643478933349997506e-01,6.524725501172896625e-01
-6.768112962037234892e-01,-1.774050975932570662e+00,-5.959005418394468512e-01,-1.448282410055369063e+00,-6.376162501894634405e-01
3.587841753023586211e-01,-7.812316769258822458e-01,1.229911156124396943e+00,9.018742558667574016e-01,1.390801668887383657e-01
-5.149064437382224746e-01,1.248638747835804974e+00,-2.011326532051435079e-01,-7.995541196158757469e-01,5.623577221405882121e-01
-7.187690388344482040e-01,-1.143767422977099768e+00,-8.829455935319190374e-01,-1.115202999102927750e+00,-1.632104670373235589e-01
-1.551313915435086899e-01,-1.560548036093201585e+00,3.593579821677174158e-01,-3.231242115680514893e-01,-6.097821807797541016e-01
3.429040064844112723e-01,2.082357783625845560e+00,-1.264019370217345228e-02,7.947412561400559738e-01,2.180139391749365552e-01
4.732499139835341095e-01,-1.749145379857897087e-01,1.089589869886746776e+00,-1.822571834572406235e-01,1.419083248834953626e-01
-5.046026959894978070e-01,3.821680273789014315e-01,-1.434304822827811465e+00,-5.996471469925062081e-01,-6.033100947480545262e-01
-1.095050521481057415e-01,-1.409480501701403155e+00,8.462965798045856136e-01,-4.337579089840308266e-01,-8.701649976818939258e-01
4.110268981972639568e-01,-2.553861793911860190e-01,3.399921239066279188e-01,-5.266449354457169996e-02,1.032792411090115214e+00
-4.662603081312793885e-01,-6.390487667699096264e-02,6.319447398710847930e-02,-8.959717284495274381e-01,-1.442899746723050658e+00
7.053337315475993741e-01,1.932415629236669430e+00,5.971718162542851704e-01,8.749372107775682528e-01,-3.664894581299320553e-01
1.188644923379208324e-01,2.143023173053598907e+00,-6.987518947650336321e-01,1.492796399405381114e-01,9.418093107258881935e-02
-7.232789876517664585e-01,-1.718988989504254050e+00,-8.469307071536369413e-01,-1.487528031256829086e+00,-9.622374068898482680e-01
4.637017637884733867e-01,-1.775378813286835999e+00,5.159298553091236084e-01,7.171167959282204185e-01,-6.398083508709906386e-01
-2.066092395718537034e-01,-1.429117182018531995e+00,-4.860893361008433722e-02,-4.115097870718689155e-01,-1.878995899413191673e-01
1.150023492938359926e+00,2.032002238647184988e+00,1.260561994787486206e+00,9.345124287393641316e-01,6.143006647342623694e-01
-1.089783836866658195e-01,-1.495367265784868893e+00,1.552351341428296894e-01,-1.889742622062442479e-01,-1.494918677826471809e+00
1.114760628790425256e+00,1.636201274763400715e+00,8.171672075256359857e-01,1.634700010572101903e+00,1.716208783712788177e+00
1.669158898555322068e+00,2.836232686185109042e+00,6.970519066244145190e-01,1.792637345553728778e+00,5.768790588659826746e-01
4.411726218090264995e-01,-2.119308622097013650e-01,1.967948798935011956e-01,1.202110814220972435e+00,9.683656486397291818e-01
3.967231097657288319e-01,1.370931510942015707e+00,-4.099474641040535272e-01,1.308996237215979797e+00,8.546887260637816564e-01
-2.433319173029188376e-01,3.908888743572546121e-01,-3.478040603500041072e-01,-1.450214811097701118e+00,3.844644534078723308e-01
1.105023787094217697e-01,7.191611561712455414e-01,-4.722448850254014341e-02,9.616102831739573031e-02,1.292378166902722336e+00
6.130189373340629855e-01,1.221904814948509443e+00,6.745392301026709170e-01,2.830655305723318582e-01,1.384563553817121040e+00
1.486016373792993450e+00,3.394461720416547479e+00,1.207794187107730455e+00,1.359467244312305034e+00,8.213760159133454142e-01
9.260708595979673108e-01,2.741267654844158130e+00,1.333928342468465811e+00,1.657078686561373804e+00,2.888813941960739484e+00
-5.590102716084881518e-01,-2.638085983767647136e+00,-2.000823278527175675e-01,-8.913655394191645209e-01,-1.673603809027339295e+00
9.618304045376550038e-01,7.068189618618534453e-01,1.410720123715599961e+00,1.125851897523841849e+00,-2.624400846458491143e-01
-4.807992683217713337e-01,-1.248122566474780593e+00,-2.405957398591440644e-01,-4.456275641807079801e-01,-7.455892224658824396e-01
1.354380704575273819e+00,3.845105441349418118e+00,1.853684528223794148e+00,1.698242575386909703e+00,1.612844166927142053e+00
9.086867272220596758e-01,2.840752226068530284e+00,1.508988768903030131e+00,5.487966751097067553e-01,2.038287496821670430e+00
3.966248324875025766e-01,8.804888648744554347e-01,4.872272745273359407e-01,3.211042974290008178e-01,4.954926721378517529e-01
-8.591516544085150420e-01,-4.992000293352298890e-01,-2.162344333218194414e+00,-6.148428444676479199e-01,-8.813395352642403591e-01
4.853616873202264426e-01,-1.608986639113116679e+00,1.455546479981883468e-01,6.486821845872082770e-01,-1.341630255793091475e+00
-4.637194041085475615e-01,-1.266886860469433440e+00,5.152429394286152098e-01,-3.352715486221841679e-01,-1.185970755282277578e+00
-5.208789149943700014e-01,-6.239376595902357270e-01,-1.796420770929527899e+00,-8.061530353579366981e-01,3.474612674279954905e-01
-6.863959606787378709e-02,-6.330482712715346238e-01,2.947159207319449692e-02,-8.492289543459997647e-01,-1.089589191326857387e+00
-1.163027941606739057e+00,-4.950318978682121340e+00,-1.503687888660087291e+00,-2.239579575256929189e+00,-1.309254478109081798e+00
6.510966380015770216e-02,-4.438937908795561604e-01,9.832383689549182293e-01,3.506451118178142701e-01,-9.149470388300917634e-01
2.768057779380337369e-01,-1.188111241429622655e+00,5.553412395220382880e-01,5.943594479689074950e-01,-1.161215823922846946e+00
6.462755599792001648e-01,1.527938537186168899e+00,5.348166931424038761e-01,1.719136211041792706e+00,2.652101490016240959e+00
-4.337982727514093639e-01,2.834271175162234591e-01,-3.927050129652504551e-01,-1.203056749809807147e-01,1.017237445603451418e+00
-3.514442721569451256e-01,4.297141971423721341e-01,-1.316969442551370051e+00,-5.267888874027839563e-01,-3.867361522452530398e-01
9.817779043638478198e-01,1.024255624609489157e-01,2.230644492281769864e+00,1.877864077607034110e+00,-4.637259395418458219e-02
9.074551455122589205e-01,-3.702954308865289423e-01,1.397552357127929357e+00,2.143131117170793409e-01,1.758390523322655996e-01
-1.219284807316666885e+00,-2.832946856031537397e+00,-1.735410310133767231e+00,-2.032034272036688627e+00,-1.717784284709497733e+00
4.073314081003095444e-01,1.059191967367363318e+00,1.152529456234013261e-01,2.691091955983568318e-01,1.174490018510232936e+00
7.308888098519152887e-01,5.345810051881667579e-01,1.124953726455485414e+00,-5.867398834764436799e-02,4.795544687897848046e-01
-5.057869130674842451e-01,-2.237449733087692572e+00,-8.750450861300189676e-01,-6.754440811448635396e-01,5.447443509796906502e-02
7.190107559181506680e-01,1.855731352135561174e+00,2.760312225379039641e-01,4.605750579850352855e-01,4.573613559487753610e-01
-1.811039853027281710e-01,2.874540543670555337e+00,3.743040834627324731e-01,-3.014146296841387351e-01,1.397867286499532513e+00
-2.774786653290340910e-01,7.936700776034932847e-01,-3.054839031508196356e-01,8.943870125697639395e-03,1.598790868492023121e+00
-8.897103854004759782e-01,-5.014396742806528362e-01,-6.098337830685738314e-01,-1.672362929069213244e+00,-1.193656286677895917e+00
9.786616550342088772e-01,7.621449540481073370e-02,1.607743057743841630e+00,1.105383590353473000e+00,5.757946488246357131e-01
-7.298341289750082117e-01,1.824231446210253793e-01,-1.172524890305818746e+00,-6.910196366068294127e-01,-2.180103792009346897e-02
-2.396319361061407971e+00,-2.823930030413654979e+00,-1.447784218742705242e+00,-3.859925785023316180e+00,-2.497948834035718768e+00
-1.082278802436488663e+00,-3.007123504909502643e+00,-4.804728786695452447e-01,-9.037117368186108335e-01,-1.494653255285894211e+00
-5.930615627594905126e-01,-4.330160561760078686e+00,-1.159764730798003907e+00,-8.385231022058026173e-01,-2.333514349917463093e+00
-1.032179733675832711e+00,-2.825263533547244243e+00,-1.756361444555664342e+00,-2.180260648032227966e+00,-9.300266764694430366e-01
9.909494230829405392e-01,-1.606631288532497592e+00,1.144633667683150335e+00,1.202774855212074057e+00,-8.426790762507422317e-01
-7.886394908367286849e-01,-2.084773207921747140e+00,-5.463121376039348220e-01,-5.464262842913960583e-01,-9.155352576263606768e-01
-4.411117886594763116e-01,-2.392955145860533150e+00,-8.162168598163748179e-01,-1.071323502350451262e+00,-4.237408006515808734e-01
-5.561902383815055251e-02,9.085939640830811292e-01,-1.457128579108174227e-01,3.107575836605497299e-01,1.227779368096258983e+00
3.696744320850033905e-01,1.323448736858054753e+00,3.073191362469579468e-01,1.882460972084587514e-01,1.303032694411222714e+00
-1.124669369365060234e+00,-3.819000629153377346e-01,-1.287071680874027901e+00,-2.003831849017150279e+00,-8.234290174187242073e-01
-1.414309550732729459e+00,-2.169938976884763893e+00,-1.148941556518376483e+00,-1.901335395390783001e+00,-2.190536974309305052e+00
-8.165992139350231049e-01,-2.391194851419775169e+00,1.507192641725332294e-01,-6.158929584051571204e-01,1.752881948848197258e-01
3.004723271667996687e-01,7.315645818041529580e-01,1.496463361635809175e+00,-1.854491613504155589e-02,8.195285643042055090e-01
-3.201333899098155467e-01,-2.658023629049587999e+00,-7.267438631890188461e-01,-1.217295975370638494e+00,-3.317930576677664001e-01
3.343022289000548986e-01,9.075143563634102684e-01,3.858740986115122840e-01,6.598082251153065680e-01,5.736637180515626877e-01
-6.581713201956337356e-01,-1.483652841378123588e+00,-9.477722990456960428e-01,-5.902989077101929993e-01,-7.590231035375301083e-01
6.192401460466550045e-01,1.179634921238127632e+00,6.643733897965234947e-01,9.935203412872126716e-01,1.647276671919764235e+00
1.217448004680767165e-01,1.513170334609096335e-01,-4.040831173962387834e-02,5.056975312555717084e-01,1.018448456156251458e+00
-3.801070193800044905e-02,-1.487881013379926287e+00,8.420336173068158070e-01,-1.180175454871070506e-01,-4.792566423947906551e-01
3.044608864737901044e-01,2.973806366601186024e-01,9.495429111627879948e-01,1.076889105530757784e-01,3.757951704374635771e-01
1.792700942016235144e-01,2.237479622789592781e+00,-8.686332450696415686e-02,7.898084891987108835e-02,-7.604104624134362389e-01
1.161316440474024769e-01,8.917580064601045020e-01,9.928502812418386059e-01,8.573771633255404812e-01,2.262547943954811291e-01
-1.143914141011107999e+00,-3.521781697956033241e+00,-1.492826522172958414e+00,-1.686976552591729961e+00,-1.871177417582345237e+00
1.720865644822808516e-01,-2.499145121432542749e-01,3.345135061782269492e-01,3.148027938579973650e-01,-1.066322543151343671e+00
-1.399961251400471951e-01,5.075517537207099306e-01,2.794503192736572661e-01,6.379014535391305807e-02,-6.188277284148875623e-02
2.927669001971718310e-01,1.969261063945921375e+00,1.634994516861631164e-01,8.589764290091992383e-01,8.480427323067184497e-01
1.509217098703582172e-01,8.918683201979826780e-01,-2.113289904361975169e-01,-1.903474584797347491e-01,1.961064733706433527e-01
-3.186227078893835718e-01,-9.907811179504062427e-01,-4.988560249392370860e-02,-6.033743282097878691e-01,6.614065096034471569e-02
3.148363860125385494e-01,1.504320623732681161e+00,8.762668628059445686e-01,5.807861325686675125e-02,1.761955902359824133e+00
1.104982486237012118e+00,1.573514788419982935e-02,1.119484153561071782e+00,2.225311868803443893e+00,1.951355954907912915e-01
3.948286665877141499e-01,8.120847807163245058e-02,1.534574747332692723e+00,4.944217720287036322e-01,1.313441269821022495e+00
3.305318145461146745e-02,4.066408985016429778e-01,5.347374865692166024e-01,-1.782649935724465173e-01,1.381554072960990753e+00
1.085475380003129431e-01,-2.109629922111904143e+00,-1.252813362701086786e-01,6.584138788969214895e-01,-1.412995316582590810e+00
7.624844337274955253e-01,-5.470300547126205615e-02,1.289569690979448069e+00,9.087177599804443506e-01,2.340434183752088670e-01
-4.730053012995007466e-01,-1.425229989335465630e+00,-5.808299986689750005e-01,-4.733147438387044770e-01,-1.530314098316361671e+00
2.695274803387326737e-02,1.203878146115145320e+00,3.815650894743318755e-01,7.805079962498139290e-01,2.715133569734368493e-02
-2.506784461801632724e-01,-1.905694218510135984e+00,2.230211331297066168e-01,2.341121376851411640e-01,-8.108454303257972562e-01
-1.048300630395854860e+00,-1.512560365432237042e+00,-6.768575002017875875e-01,-6.500291786589137422e-01,-8.014789451298419687e-01
5.656370085102264689e-01,-3.751403795534438701e-01,1.590358596053115470e+00,4.617251080857841528e-01,-8.350386368910507340e-01
6.835998306141115588e-01,3.606923292314187179e+00,8.996660555583577690e-01,6.915523819105843240e-01,2.376679491427516222e+00
-2.033235419073237960e-01,-2.058654285992606692e+00,1.750085947635660333e-01,-1.863125563682043739e-01,-2.747709588859170715e-01
-8.979890320127270620e-02,1.789933743995276050e+00,-1.768441335019210747e-01,7.271956735190041043e-02,1.060369123661401902e+00
4.677107711191146322e-01,-5.566231580584579675e-01,-3.266062156528583005e-01,1.186760764487604369e-02,-1.925230603459688439e+00
1.309474852974502612e+00,4.476726393472559629e+00,1.074841465976934973e+00,1.742995467066052129e+00,2.131027036045828105e+00
-2.617409450980935637e-02,-1.683146372853236095e+00,1.201699367544030728e-01,6.690261069836833663e-01,-1.214141623381423285e+00
1.443054488779554001e+00,3.800839481555500665e+00,2.046151228542969491e-02,2.036012193078658772e+00,1.134794409779808610e+00
1.034428641712056285e+00,2.844570108358783767e+00,1.307823981413924974e+00,1.102272925476051713e+00,1.468236203023705944e+00
-1.308759143168691130e+00,-4.115857346821342411e+00,-1.033256463451666995e+00,-1.968271054037043832e+00,-1.282152833559451199e+00
-4.464790338783923562e-02,-3.268935574774316954e+00,6.760204377871147363e-01,-6.808750858231630287e-01,-2.274528194018041738e+00
3.996091072385536402e-01,3.213669696396186382e+00,6.943930205026487279e-01,1.070957079726662320e+00,1.652898060568425975e-01
-1.450732052427223528e-01,-4.961304906652673763e-01,5.661458841364785943e-01,1.601781538710337904e-01,-7.770973549475243547e-02
7.992055650261441491e-01,1.867876738575362294e+00,8.703578610458567733e-01,2.958715493193565527e-01,5.944400759746520935e-01
2.980683205233264910e-01,5.051041952682917557e-01,1.018912808091470279e-01,7.447430584204133286e-01,-3.766642073634452470e-01
4.218663392189067607e-01,1.560419188222769371e+00,8.006056920985586967e-01,9.676974536247768821e-01,-6.041988365585735377e-01
-1.281189238868297442e-01,9.960432796104371489e-01,-6.904725770548186814e-01,3.683720814630265794e-01,8.216410803756770687e-01
-1.244915170466767140e+00,-4.726993254592515292e+00,-4.295905831991914114e-01,-2.481975574906710058e+00,-1.784764744468491093e-01
2.900017768205881974e-01,1.059828628063106404e+00,-3.438946646732279899e-01,1.025634254664474998e+00,5.005894827230246147e-01
-7.471010378142571851e-01,-2.201009675788137887e+00,1.420427138336616268e-01,-4.583267259957862771e-01,8.582583273596070539e-01
6.126864118838400985e-01,2.436146992500892949e+00,3.295675308660118707e-01,8.730775843797901059e-01,-2.001679353389440585e-02
1.891462787290522918e-01,3.731738026930091934e+00,-5.374218082983037159e-02,1.313129239322158581e-01,1.458355038023478656e+00
2.110843661776523383e+00,3.520054805685320254e+00,1.555853741562937431e+00,2.496406243804739411e+00,1.569345833033391369e+00
2.965019539396986370e-01,-1.576398440351053809e+00,2.069323752218708568e-01,-4.841502298549060779e-01,4.839812313445637226e-01
-1.275841873986280017e+00,-3.197735938233559505e+00,-1.202872824170444277e+00,-1.331836346196194842e+00,-1.261938507913278551e+00
1.662296766845408724e+00,4.100643846918448077e+00,8.401716729751920187e-01,9.946984217819423435e-01,1.854941300150542149e+00
4.001601699842333160e-01,2.808847005927578522e+00,-6.028841935485189651e-01,4.919985187480115374e-01,1.979822978707951098e+00
8.884770683345001308e-01,5.859788394896807695e-01,9.073868962498277124e-01,1.537759281438110248e+00,1.451323992485349157e+00
1.061761792977415464e+00,1.988986037355385150e+00,2.235992004019186075e-01,1.471056960415132231e+00,2.516479473038535364e+00
-6.354285842376140581e-01,-1.810504304185124980e+00,-2.627776769530072998e-01,-5.166700422567016560e-01,7.058344765966321210e-01
-6.915833136015331339e-01,-1.767672224195615982e+00,2.334383227411196415e-03,-9.940767991013815807e-01,-1.652887489240482788e+00
6.226970889374549012e-01,2.812571710913697398e+00,3.319149927775822406e-01,4.733371196388214686e-01,1.827108442614970851e-01
-7.360622696250550545e-01,-1.366324432066854389e+00,1.149095526338845374e+00,-1.309777630214650213e+00,7.614286223871231662e-01
-1.292213417967241096e+00,-1.714904773967148355e+00,-1.319471334396044915e+00,-2.311131963430210767e+00,-1.067835011055887184e+00
-4.670622162232062613e-01,-1.532163848435939224e+00,-1.099870272651029435e+00,-7.772196201566016205e-01,-1.052939952392945244e+00
-1.265231294516263871e-01,-3.738793044986714054e-01,9.791013584028843697e-01,-5.927481458321012253e-01,1.078603265276204398e-01
4.923930087130204414e-01,2.066482597772298035e+00,7.830830826577974690e-01,1.143401612668434542e+00,4.184340978737859373e-01
-3.268826766872605649e-01,-1.148501058207844761e+00,-6.308632204468891391e-01,-1.009723437411495839e+00,-9.009591405261124786e-01
-4.867668745672947828e-01,-3.571785054059628095e+00,-5.173827805266317803e-01,-7.388418033191103129e-01,-2.038171227267864705e+00
3.116218645099460005e-01,-2.167723826717203650e+00,1.150573098842182285e+00,6.010604367363537870e-01,-6.248097615660419546e-03
1.046333476307274857e-01,7.200062071838473354e-01,1.067118809074905750e+00,2.605890969745502939e-01,-6.961416020326093301e-01
5.731613208245449620e-01,1.817099374694749692e+00,5.754341129166579138e-01,1.249178055836006607e+00,2.121083535698371492e+00
-8.927808624246849067e-01,-1.903690383902440164e+00,-1.528509818910001039e+00,-1.934746413681398103e+00,-6.722086480482746262e-01
1.499557223110488113e+00,1.255556482017238906e+00,1.212741961270203728e+00,1.518860905590920352e+00,9.458333137312392447e-01
-8.181466506276681150e-01,-8.919193392526988395e-01,-4.138620657703830918e-01,-1.580266633868302462e+00,1.057445126501122434e+00
8.025989730499292207e-01,1.739820673957316322e+00,8.499960124278749252e-01,1.520813352896778881e+00,2.217412678984328700e+00
6.934967400244986813e-01,1.584650401000664566e+00,9.166440038478579355e-01,9.122983553796039091e-01,-2.190008343057741058e-01
-5.353752318771407559e-01,-1.106467246027024620e+00,-3.256046323746860094e-01,-8.998412175453605055e-01,-1.616588524569362861e-01
-3.526387438367474536e-02,-1.385559901295922991e+00,9.033610045458718707e-01,3.226559423678894145e-01,-1.740391091445608662e+00
-3.549162793980842334e-01,-3.796968593153856597e-01,-5.491302557349896363e-01,-3.283157685918166035e-01,-9.981798817074780672e-01
4.959344683965329903e-01,1.489828179416488041e-01,4.363882787353623449e-01,-5.315770108248607517e-02,4.789278174992667725e-01
7.126000787049593388e-01,1.151508069984223503e+00,-5.129150928942922683e-01,9.459867975645741556e-01,-4.816459902850188657e-01
2.738288016703787145e-02,-2.194071607639786148e+00,-5.651929664317337926e-02,1.479090777596243356e-01,-6.492247684804053343e-01
1.908468332690742564e-01,3.572792863079896630e-01,-8.392412295484861229e-01,9.724139221301397740e-01,1.140874673414738361e+00
-4.664848850015909099e-01,-1.890705854903280247e+00,-9.242061055399735103e-01,-3.911846283565324489e-01,-6.771285666019826177e-01
5.573131028612000604e-01,4.687733170421620521e+00,6.132454514086246311e-01,9.132359749956194817e-01,2.077816154407117644e+00
5.151514754034580701e-01,6.528778570529438774e-01,1.654080050372687127e-01,8.260317852339118527e-01,2.722105631076274790e-01
-1.219120628364487591e-01,-5.532217119972050456e-01,-1.953922608455487264e-01,-6.477502894226396801e-01,-6.139130796100171761e-01
-6.712978522373641566e-01,-3.336679852921371481e+00,-2.009277690145761408e+00,-1.645736917835207702e+00,-1.589321257707071888e+00
7.845479114697527789e-01,2.698149310530565170e+00,5.523261398768423147e-01,6.113028131969842072e-01,6.148528421693959523e-01
-6.270257260647758013e-01,-2.056612902881804317e+00,-5.368185769109568017e-01,-2.307441974986665922e-01,-1.802071495375177301e+00
-3.386504870201793582e-01,-4.067359934235015295e-02,-3.382071283482771529e-01,-5.082853551712098739e-01,-1.745477939669046741e+00
-5.129545456594405417e-01,-2.532232577580561639e+00,-2.797404625434287695e-01,-7.814640133610619710e-01,-1.048335446523616543e+00
2.437811121476137488e-01,1.915001324020189521e+00,-1.680192988636171614e-01,-9.146698638422604555e-01,1.372362387077449730e+00
4.874318361425028674e-03,-3.664986380523612919e+00,4.040214235436409007e-01,-1.575545790516970635e-01,-1.673212412467602217e+00
-9.015905831562442962e-01,-1.653949189723627367e+00,-1.247737025299709313e+00,-1.443950738536097234e+00,-2.111698824768002414e+00
-3.196858766350475500e-01,-8.263241580906537376e-01,-4.841117635636522643e-01,-1.004502721641893359e+00,-4.484833534410795353e-01
-3.974121778845973729e-01,-6.722905317046965479e-01,1.845742198833466019e-01,-9.406329144757533678e-01,2.464430336258288667e-01
6.960532039168745300e-01,-3.117215795232397557e-02,1.559156562985622330e+00,1.261557615742649574e+00,-5.568608707853067719e-01
1.748391369609533896e+00,6.342339316994453746e+00,2.281958722944358087e+00,2.256289314008873781e+00,2.697995263649668907e+00
1.266078829793103822e+00,3.361929437015310551e+00,6.388337889730112407e-01,1.079464972876348572e+00,1.121089526667143677e+00
1.296221810303798794e+00,3.005411370089341894e+00,1.132276909231421325e+00,1.554148577380301877e+00,5.202240029907474472e-01
1.190857468140213538e+00,3.145870224705636264e+00,9.339739406793496901e-01,1.535200474661344794e+00,6.902256599887384159e-01
-2.797503801135069468e-01,8.483895554302068875e-01,-2.223117759776848112e-01,-6.789511982905105381e-01,-3.835697756953022619e-01
-2.000673547636463989e-01,-2.170440033735484775e+00,7.511316407758096281e-01,-2.362260257191143298e-01,-1.010112326387314852e+00
-7.876130152893084935e-01,5.022328046622543951e-01,-1.114350641691936872e-01,-5.748479971432786106e-01,-4.344174952743805607e-01
8.089743703854526125e-01,1.783885849566007931e+00,1.279357252338808593e-01,1.314922931399029826e+00,5.881663930523950423e-02
2.461206863590216232e-01,-1.056154571629676742e+00,4.653313925752371460e-01,-5.851880187511341314e-01,-1.060071342624094304e-02
-5.891439969405473098e-01,-8.657289260554614785e-01,-4.340026611946182777e-01,-1.371116501050045677e+00,-1.493700890102341305e-01
4.459991806318264751e-01,2.303047858739620590e+00,7.750003357101609147e-02,3.993122582011521260e-01,1.146697676389071718e+00
4.842965941756456616e-02,-4.437027500854878737e-01,-1.634163210393379806e-01,2.852181347528866540e-01,-5.217859119683139202e-01
7.645400973296216929e-01,4.089907688172846001e+00,1.483665275758125679e+00,1.517413763361443291e+00,1.254275616611994160e+00
-8.514639811355900756e-02,1.268817790314093807e+00,-1.601201398399761944e-01,1.453021625654038473e-02,4.210452796045112134e-01
-3.627215718663501232e-01,-1.348432818234489350e+00,-4.427160680784520408e-01,-6.895134146351504789e-01,-2.187411202640724639e+00
7.393302342226659718e-02,1.659019309194809333e+00,-1.732662439026872170e-01,5.655294898469932496e-01,-4.271665165770853756e-01
5.396079332079669125e-03,-1.661110914563358687e+00,-1.966662725759419139e+00,8.030909193903287280e-01,-1.635288982665335844e+00
7.046335384775586075e-01,1.137162783470757166e+00,8.036732600813125682e-01,3.893218134281223319e-01,8.420072844514676635e-01
-1.549551394291405759e-01,-1.086890266923191017e+00,4.028403819087463811e-01,-4.272297490407963583e-01,1.127397411049301523e-01
-2.504593181297959936e-01,1.039786526689855661e-01,9.719007830460137942e-01,-2.765891589848524235e-01,5.895910171736278294e-01
1.589817544114175141e-01,-2.218647889926182337e+00,1.578539496733768921e+00,2.403623248189381278e-01,1.184714817290027922e-02
-8.290450738386905272e-01,-3.469750374854737807e+00,-1.393989279639791690e+00,-1.001757858810994328e+00,5.652155124484592452e-02
-3.197677333750966189e-01,1.058529461666530835e+00,-3.003802447769575723e-01,3.285551168309303049e-02,-1.104099445957746339e-01
5.718748719882499332e-01,-4.534496917486308121e-01,2.979873737686637436e-01,7.917641616089143852e-01,2.939043459874243203e-01
-6.205244389554888107e-01,-6.345656219466144776e-03,-4.266200798091039359e-01,-1.257272050858677215e+00,-4.891703400989559913e-01
7.973777890166370286e-01,1.490527761117862227e+00,2.158109519576046909e-01,1.566201925288245533e+00,8.458295751317429501e-01
-4.005304045952948755e-01,-6.612421852916947618e-01,-2.094861352312070157e-01,-4.361548425611824209e-01,5.353382615002026945e-01
-1.479068343193470081e-01,2.057923748348076121e-01,2.672446022778734442e-01,1.417545550137187249e-01,-1.115898949978675336e+00
3.967919669071794386e-01,4.721764445369143193e-01,8.058472640974683188e-01,-3.642564725665218273e-01,1.123089853596511700e-01
1.051516895504034099e-01,-6.489286793722051083e-01,3.724138388779597575e-01,-1.712196359770642162e-01,-9.940253183814523608e-01
-8.861781215509538789e-01,-1.911681694333712933e+00,-2.697354873862640723e-01,-1.100268306982750133e-01,-7.992337848647035337e-01
-1.145499455244139542e+00,-5.408298512379742240e-01,-1.262133337630071628e+00,-2.205094492000584605e+00,1.637269653099244771e-01
1.667741334183484025e-01,9.932218181420122693e-01,-5.057108727473122456e-02,-5.911701569523404309e-01,6.484922549531172420e-01
-6.968699139470606596e-01,3.360175263405759671e-01,-7.160802786100967099e-01,-9.573669349851674504e-01,1.445185676762485327e+00
-2.280469651679690735e-01,3.648041236442562063e+00,-3.771181450111437128e-01,1.351903523953140174e-01,3.967003086268604539e-01
4.393407167394434154e-01,2.539462267378572058e+00,6.995318660050222626e-01,-1.359768310089770615e-03,1.270550301303744023e+00
-1.612329390677797181e-01,2.091287254851248445e-01,4.841114351592843978e-01,-3.465758166294983789e-01,-6.413418246879418749e-01
-4.061859964872832629e-01,-4.310658433974465353e+00,-4.521692546401371859e-01,-4.775486327641913498e-01,-1.163103149315620533e+00
-8.160598308006483670e-01,-1.704994948813229882e+00,-1.815171389944529201e+00,-1.114632190117582855e+00,-1.733040936601622839e+00
8.129028295946584548e-02,7.709022191080026065e-01,-8.700759126168602364e-01,4.444329232241761574e-01,-9.548703339693070946e-02
1.681744673813677871e+00,4.073601829924706763e-01,1.983970716343920415e+00,3.204573988928613559e+00,1.453842117840535186e+00
-6.825712898854843225e-01,-1.190564368559619002e-01,-3.179707172855110731e-01,-7.822855845491469839e-01,5.514929813750506504e-01
-1.051405735430827937e+00,-1.542874770713553723e+00,-7.346350520701498965e-01,-1.463115943490546078e+00,-1.340441686248018627e+00
-2.904550477275176235e-01,-3.370003241045135045e+00,-1.815648800479461533e+00,3.733138515395629242e-01,-2.601234630159415140e+00
8.687995912838588630e-01,1.542007290801469477e+00,1.366998695569157762e+00,1.781940322131242649e+00,1.420948694316713778e+00
-2.094248494676406447e-01,-1.001574753780341442e+00,1.428401612536101206e+00,-4.899238591130046783e-01,-8.125580738184960961e-01
-9.079868846040947683e-02,-1.858837943899603218e+00,-8.132636921091038196e-02,-7.594468432940178204e-02,-2.820552887972463729e+00
-5.541752147820714486e-02,-7.775226657901093130e-01,-1.627510203439735126e-01,1.391847156831410859e-01,-1.683094234684805734e-01
1.163159927431382107e-01,4.910800385701927784e-01,8.021264282187858807e-01,8.106921805254614366e-01,-3.917673414556308020e-01
-6.828724680834920013e-01,-1.770508298619690724e-01,-1.095602448073158985e+00,-5.204793403324802226e-01,-3.478806978014006845e-01
-9.142141354409073495e-01,-9.164825440649326804e-01,-1.524842887993915097e+00,-1.310138528687938564e+00,-4.333863689959671639e-01
-2.598825695004566491e-02,2.276042388409010853e-01,7.019213909472487023e-01,2.014483556229507977e-01,8.258825647652945356e-01
1.347116899592155637e+00,3.682134398042677059e+00,8.399861786995602708e-01,1.428933874037520368e+00,1.810426494567024758e+00
-1.211948632901403533e+00,-7.032279379427894828e-01,-8.069929067173762238e-01,-1.781281198516881492e+00,8.656334394052993542e-01
-1.914300725457304397e-01,4.978449366823929634e-02,-4.837449796287711656e-01,1.727606173474454665e-01,3.502720459680804810e-01
-1.996430893051862610e-01,-5.147802655426414464e-01,-3.589922785841620501e-01,-3.508318850571334746e-01,8.514671890321952041e-01
-3.220914068839702549e-01,1.949086651237384338e+00,-8.348025395384542913e-01,-2.348743704718029568e-01,1.305649973947659248e+00
9.561112781245649506e-02,-3.009490034306995021e+00,4.165762205080756342e-01,6.270808689600412267e-01,-1.819540051623862231e+00
-4.861908910022054164e-01,3.161164145269835801e-01,-5.046929185839575949e-01,-9.211377973534864427e-01,4.718059412826443588e-01
5.875623659110896790e-01,1.184080668410108172e+00,5.277853983386499026e-01,1.597484856551891319e+00,9.644786610697446694e-01
-5.864919826157188876e-01,-3.070578083634396993e+00,-8.332881456080578619e-01,-1.706571320244650858e+00,-2.087178792210091949e+00
-1.033200950301955912e+00,-2.436616242551958411e+00,-1.367107253618687013e+00,-1.794301721760459767e+00,-9.637068878345259604e-01
-1.459472690584982246e-01,2.912447616360247515e-02,5.211473228396417134e-01,2.963550121098337264e-01,-7.501164007561708091e-01
4.246636996906709149e-01,3.686483643474468330e+00,9.389439464594835361e-01,1.054576079969147706e+00,1.603024133263277085e+00
2.080067158658825299e+00,4.950900868686914258e+00,2.710599971515495366e+00,2.526145389191184254e+00,2.001385136807410259e+00
-1.386457457871079768e-01,-2.868454818589242894e+00,-8.005072678079818704e-01,-9.657225702204526030e-01,-1.121711834243955153e+00
1.216017539638222233e+00,3.406306634554803647e+00,1.508782305864985851e+00,1.971400405537870215e+00,8.295625328497686635e-01
-1.117769253519726114e+00,-3.390845243776756224e+00,-2.101827095843453286e+00,-1.402729109606098978e+00,-2.096022398159385514e+00
6.690720186577576722e-01,3.220420414488716965e+00,1.619238176767942239e+00,5.234807860541115243e-01,1.449662899645325798e+00
1.045386622904474372e+00,-1.293428842323272265e+00,2.139621632605587020e+00,1.531042213867249480e+00,-4.437744587690745091e-01
-3.914918099828664649e-02,-1.521456967732333521e+00,8.037582881579530270e-01,3.237259813953671794e-01,-1.166218388811822715e+00
6.784648744097154793e-01,-4.085178062608632588e-01,9.963915393224547223e-01,3.833453730755832511e-01,-8.555265716708704282e-01
-2.001749329330839433e-01,1.093961009561611020e+00,1.532534262619928422e-01,-9.469349561199092991e-01,4.061217166718580351e-01
-3.414369761049835250e-01,-2.570502844089367578e+00,-4.236501245054244413e-01,-3.156578308148107470e-01,-1.750397358275097126e+00
-1.119077970119757154e-01,-3.603226900762835916e-01,-5.757891591595645231e-01,1.642775883500560974e-01,-9.695112375483307954e-01
5.205423353549230026e-01,4.388465496856019943e-01,1.066031204587163383e+00,1.884885788948937435e+00,-7.170358100719573802e-01
-1.325092901952974689e+00,-6.202208544039853777e+00,-7.208144132573469642e-01,-2.012471732465737961e+00,-7.739027715043087507e-01
1.043561190559173513e+00,2.447896256095547507e+00,8.236220278977810505e-01,2.124437742495846937e+00,9.130141956548309956e-01
-1.477326338512599535e-01,1.410396241840795151e+00,-9.619425683121981541e-01,-1.465919709805496574e-02,5.970235130973002846e-01
-3.996664700295883832e-01,-9.699418115072100388e-01,-7.240126078874684623e-01,-3.633157023353001946e-01,-1.297266860699036073e+00
8.589390291469383154e-01,-6.064810225732675253e-02,6.287480024207274809e-01,1.458854073223510683e+00,-9.774798206792366662e-01
1.807225329415516335e-01,8.454017117443834994e-01,-2.289097578977923597e-01,6.570951078640783205e-01,-1.101902903010379964e+00
1.900791515289574241e+00,2.722107308204973819e+00,8.310644462887044615e-01,2.417922906753320333e+00,1.694532625023361883e+00
-7.889476633927905436e-01,-2.177661824655217071e+00,-1.694227035984662955e+00,-1.010637488919383209e+00,-1.168422963117711211e+00
-1.264616036698371082e-01,-2.079542453185469486e-01,-1.355014196396014670e-01,-1.153089948310667412e-01,4.092335738582287274e-01
-3.176246781899652039e-01,2.811728998245121569e-01,7.515601167959937712e-01,-1.199311118974645485e+00,4.324291788443807016e-01
1.003578242199256954e+00,1.748015412310936600e+00,1.388869533197935047e-01,2.111764966063556681e+00,1.709122698331254631e+00
-5.353641748797047795e-01,6.155418129366705404e-01,-4.799108817939879423e-01,-5.849030736330417257e-01,-2.227172898564325765e-01
-1.031907960057227180e+00,2.896923853759489909e-01,-1.272457008997804007e+00,-1.957026707213760819e+00,8.698124064204183492e-01
-1.825421410340075878e+00,-3.928972280385957472e+00,-1.694181703568328201e+00,-2.274948217537676953e+00,-1.825266344279192987e+00
-1.130034715345802354e+00,-4.025567137690898356e+00,-1.137742853205388815e+00,-2.242614885501711175e+00,1.300400094306097820e-02
8.117586928486228426e-03,-2.963613782820234688e-02,6.377934413934864821e-01,-3.318213730663224781e-01,-3.707995978997275510e-01
-6.049542909187093365e-01,-2.824584287651538128e-01,-6.144775285139648657e-01,-8.754703213421010100e-01,-4.374440798058591984e-01
8.600045681221050176e-01,1.337208283824715016e+00,4.462680529263755025e-01,1.610084731655140988e+00,1.642844305065429333e+00
-1.159714384981502366e+00,-3.538760511065395242e+00,-1.088227893604732932e+00,-1.152712748289197897e+00,-1.906258270443858205e+00
-1.308200090707471730e-01,-6.271622434003556457e-01,-9.757511121723266845e-02,-1.069478696128018935e-01,-8.290154535770336564e-01
-1.091326012573615056e+00,-1.978760426660618243e+00,-6.420867239755227995e-01,-1.390452730859450980e+00,1.025636766138787515e+00
-1.910610521853932930e-01,-1.545923642728361358e+00,1.166708715079235736e-01,-3.611821429053548860e-01,-1.233634451547445110e+00
-6.225762952221959301e-01,-1.179691375952400811e+00,-3.111184741984747704e-01,-3.277369443197134524e-01,-1.339936534308592830e-01
-4.353370791097093129e-01,-2.022385054304043361e-01,-4.540936907998334715e-01,-4.175226266570607470e-01,-1.334319332335721420e+00
-1.469743525787593263e+00,-5.261561906974458580e+00,-1.625416525021514680e+00,-1.864750182922396027e+00,-1.272287344481478621e+00
5.783259196115795309e-01,9.400931362605668973e-01,4.034474108495955114e-01,7.579048986788399223e-01,4.947178134722335363e-01
-5.996938729195772089e-01,-2.852006874081910226e+00,-5.173179621850241272e-01,-9.439909273989973704e-01,-2.167942536915382634e-01
-4.648927934038003529e-01,2.508953872164934040e-01,2.158078802237543559e-01,-2.183952027690231334e-01,1.914885582900348049e-01
-5.232473598571550921e-01,-2.884084727999720599e+00,3.279997350175346549e-01,-5.491892358758571069e-01,1.984736932982087976e-01
-4.831692294142646005e-01,-4.222514985938383703e-01,-8.678822920012110309e-01,-7.370801055114792888e-01,-1.512058100287571594e-01
8.011220437541696215e-01,3.253202783109261365e-01,6.823275424968529013e-01,4.606472990874607154e-01,-1.592599223243008622e-01
6.818062026067654990e-01,1.218922825490692752e+00,6.622577063840491274e-01,1.116722063602492820e+00,9.992457205622855554e-01
3.534689486184111606e-02,2.585773836872813369e-01,1.102090432440849144e+00,4.604317392918166885e-01,7.939253348171911862e-01
-8.746550421138051812e-01,-2.263626168732923549e+00,-1.409313740668582282e+00,-1.716666916575925406e+00,-9.026640945722079756e-01
-1.940652476060887555e-04,5.298643800848046315e-02,4.050268261959941857e-02,-1.034441185011856890e+00,-2.341523092327868205e-01
-4.424364763751525431e-01,-1.108001105135484332e+00,-1.839424202887047555e+00,-4.604835330464146503e-01,1.537916544983976563e-01
-1.800142843193748954e+00,-5.654324536826871750e+00,-1.629262650822843828e+00,-2.486721535006310102e+00,-2.863998864916819986e+00
-6.049196363685395150e-01,2.155067263781619946e+00,-1.173036556993986457e+00,-7.852314704085148200e-01,6.627590835256388369e-01
-1.193318841343092053e-02,8.739410105011158336e-01,-2.565050575266785565e-02,2.268400503406352020e-01,3.652882359330320017e-01
-6.584615421815956937e-01,2.668569855269053992e-02,-1.343657750008061535e-01,-3.143074818389272052e-01,8.076626625202544263e-01
-3.880640942124186643e-01,-3.709959187021042437e-01,-1.207323124328186559e+00,-9.703888945560835699e-01,-8.813085765431292185e-01
5.668599558088480705e-01,-9.795303722622590303e-01,-7.990409671594929097e-01,5.008127798383356089e-01,7.510979243607579514e-01
6.381359981291527816e-01,1.764080196606000905e+00,8.789881851302892013e-01,2.156228784958375000e-01,-3.648460018076515876e-02
-1.485836694338675601e+00,-2.540245001580144990e+00,-1.894520824875678855e+00,-1.858851284426840778e+00,-9.984096134679217860e-01
1.661428217699897070e-01,-1.678827218799614496e-01,4.660017578643033676e-01,1.269397318776034345e-01,1.346204466821026013e+00
-7.908887435669137780e-03,7.399549046234710215e-02,8.636691632992543610e-01,-2.726025576817886487e-01,-6.953964645682525481e-01
1.770316036933822224e-01,-4.963854232874828076e-01,-4.139649875224040709e-01,2.792959044303006122e-01,-7.968538668163192007e-01
-4.958544579483500914e-01,-1.305138542115527045e+00,-1.289322972222820107e+00,-1.558422473014738241e+00,-1.704832910435020721e-01
5.451286728870240877e-02,1.150346189593443480e+00,-4.724284424828169016e-01,2.251355148615191426e-01,3.174288628045006111e-01
-1.662502142722626086e+00,-2.302559509212241728e+00,-2.732006443936584539e+00,-2.062962502040683876e+00,-1.700129092565331845e+00
-3.767471529090814508e-01,8.381828288415488215e-02,-8.797459569599284102e-01,-2.511898332290501967e-02,3.350455563790572522e-01
4.099236934208637106e-01,-1.460488108250961314e+00,1.038985264094373973e+00,1.301738754081345650e+00,-2.405208907189191336e+00
-1.056347224545961083e+00,-2.944543815917264329e+00,-1.578380412364153162e+00,-1.158488083903344235e+00,-6.617796755926831365e-01
-5.013198511126560897e-01,4.220729966258920385e-01,-1.415017284284858512e+00,-1.012801778751841741e+00,-1.541260436093663033e+00
-6.703973282322956972e-01,-1.852859674566951442e+00,-4.620795839606987032e-01,-1.147805511239002207e+00,-2.936601198563243975e-01
9.627394677545787760e-03,-1.862687257081670822e+00,3.090442950844298209e-01,6.156728511421416528e-01,-9.103054758395454638e-01
6.944981512901802212e-01,2.749020075666575913e+00,-5.538332449437312066e-01,2.401487269749225106e-02,6.239141413515469914e-01
-4.614798809302566585e-01,-2.662449112657631289e+00,-4.346057565429555236e-01,-3.731169658284060331e-01,-8.073325154863215669e-01
1.323990489764705458e+00,2.547028298471745167e+00,1.030995963704179896e+00,1.878323438017689195e+00,6.684910131355729090e-01
-5.285880725869398500e-01,-1.301572579588734291e+00,-3.155348614581686695e-01,-7.800143876572894763e-01,-1.076646568532004800e+00
-3.778155880939313566e-02,6.121710238848242502e-01,-9.187125822224821714e-02,5.532398061518909449e-01,1.499670220694703793e-01
-8.084712385561686199e-02,4.350126812938743814e-01,-9.326632852520733152e-01,-4.612596122784351493e-01,-1.906622546832963838e+00
7.574574328807380796e-01,1.788740378058811809e+00,1.399236753863075888e+00,8.938523002358707004e-01,1.374733559948399186e+00
-9.137353083822865596e-01,-2.603545564596024153e+00,-1.068623418033481709e+00,-1.702908815879597526e+00,-2.210511242858056447e-01
5.419477581656981791e-01,1.035765181427019677e+00,2.659054811180677214e-01,2.551421562010047217e-01,2.857348128549161981e-01
-1.244052957602774567e+00,-5.464592036172801759e-01,-1.848036960735069067e+00,-2.359352824166504270e+00,-8.952181843808535433e-01
-1.496774670833395104e-01,7.767392514393151037e-02,3.817011745797015965e-01,5.182369659497568226e-02,-1.659895463183093112e-01
-1.705493511033515375e-01,-2.029622901172606131e+00,-8.148688377826205365e-01,-9.907278129126062538e-02,-1.818250026373039674e+00
8.202377777466561826e-01,1.004251114699499237e-01,1.198509165255032594e+00,3.835521790386773322e-01,9.816283260249192288e-03
-9.179929249251672987e-03,-1.913706738757732229e-01,-3.356591736044632901e-01,8.735982159661735691e-02,5.790181437950008281e-01
-4.458384932410386914e-01,-5.038404256495396805e-01,-4.367815723847117693e-01,-3.018887677681480475e-01,-2.623662719398447418e-01
9.987653691401788825e-01,-1.925124005258461279e+00,8.819328943989791503e-01,2.228355364287191165e+00,-3.156186082904764989e-01
1.171301205702700354e+00,2.359833159508228029e+00,1.533131001412846972e+00,2.042482608082334394e+00,1.986637038380006492e+00
-5.011160309399187440e-01,-3.809021207073984172e+00,-7.257931465437783558e-02,-6.392493536542572796e-01,-1.215097342587373674e+00
5.030757995030277208e-01,6.529483292227604707e-01,-1.033646253266707893e-01,4.702687206617061078e-01,-4.073375284328979440e-01
-3.258106516162188049e-01,7.072718810211586771e-02,2.822257087325857894e-01,-5.941036748654260347e-02,-1.275399505399401612e+00
1.180340621662710338e-01,-9.815886205198572911e-01,5.546264971844523384e-01,8.232632032237008346e-01,-4.421203618026944282e-01
1.870231505512013059e-01,2.099061049641461008e+00,8.089888304189262191e-01,7.376855149727188365e-01,2.764228806933155091e+00
-9.273435297442831349e-01,-2.228925310965084172e+00,-5.997018699822842525e-02,-1.195218604974297882e+00,-3.889005870305940471e-01
4.653559601487182451e-02,2.158514634461779380e+00,-8.177523306058386288e-01,2.981757031975248440e-01,2.013452728245826329e+00
-7.720422915918049300e-01,-1.679435443337987444e+00,2.955252627773278240e-01,-1.666314450163599581e+00,-6.497516486149050863e-01
-7.193384009481307295e-01,-2.242777676090131678e+00,-1.660806048399548818e+00,-7.293905989336276763e-01,-4.076981591252390458e-01
-3.327960500900370988e-01,-1.638791049546948209e+00,-7.140146206376234428e-01,1.780009694723695413e-01,-1.223321060469741761e+00
-1.442635563182940617e+00,-2.026459402164433765e+00,-1.271555652927395252e+00,-2.005414218983545549e+00,-3.507887941537519705e-01
-1.073474271092809795e+00,-2.622003075836365493e-01,-4.837428247198095610e-01,-1.415414344136328051e+00,3.823905171348661591e-01
1.685365849777233083e-01,1.632611634198842587e+00,5.370748855829196033e-01,7.805693403073132863e-01,7.057983047021737510e-01
4.683477918293344477e-01,4.550806374409985811e-01,6.874388880102324517e-01,6.407659881383481748e-01,1.037044283366604258e+00
6.195514037123368567e-01,1.927517794861416611e+00,9.532390194743058931e-01,1.589771091424897254e+00,7.750733012832909941e-01
-3.373733032169449197e-01,-3.515664587937804564e-01,-9.758133443702178278e-01,-3.008920976026113747e-01,-2.776639056786384119e-02
5.068950070545713560e-01,1.274901692331551928e+00,5.294332961443380947e-01,1.166750956830677310e+00,1.233818844987227603e+00
1.139957436620857800e+00,2.292316072376682889e+00,2.612058182672463147e+00,1.386335195212926141e+00,2.030341330869131600e+00
8.568908629594876869e-01,9.994822073126606865e-01,-5.753533447587756422e-01,1.410647613650331644e+00,-2.980361515432000674e-01
-1.006231174651446070e+00,-1.435101955789967576e+00,-1.160125748091342945e+00,-6.109952590250368187e-01,-1.535868445143946381e+00
-1.270431020868143301e+00,-1.153024101627457831e+00,-1.349105223305487655e+00,-2.344174607838316327e+00,-1.536849213520031121e+00
2.928077042832937793e-01,-2.744199157378980569e+00,-2.173286862988849655e-01,1.051600219818799697e+00,-1.544289571951179108e+00
9.048239985348737191e-01,4.151773184966641494e+00,8.410254400907422045e-01,2.887291046588236210e-01,2.233298560692638102e+00
-1.733065607376577111e-02,6.566449309899491382e-02,4.163401739079085340e-02,-8.283409246305449558e-02,1.052700927612797432e+00
6.925817890419597722e-01,2.155222593147992693e+00,5.587357551815491652e-01,1.236367495664560501e+00,8.233273061557356831e-01
1.781055181179388991e-01,1.702066841887601989e-01,1.353850566969031499e-01,-2.294244588546132113e-02,-8.643504239169541581e-02
1.629339274165639284e-01,7.453575950463152688e-01,-4.648844718500922957e-01,3.555640816224837630e-01,-5.449740833054430578e-01
2.157074951745202029e-01,6.324648421446843471e-02,5.651779696247543061e-01,8.709163028287331132e-01,4.743044891469153090e-01
1.605027905150165357e-01,1.386142964095636643e+00,-2.080185421071503449e-01,3.519212010102189536e-01,5.387356031661234557e-01
-3.077686190808194833e-01,-5.444932929623504947e-01,-9.569052787167455776e-01,-1.318479236842784008e+00,-6.486951681302450812e-01
1.341888252235929224e+00,1.747252672796991924e+00,2.589074373264435458e+00,2.204459903922070918e+00,1.003123085202829445e+00
6.689861399617609283e-01,3.060151828026883791e+00,3.508240987209058637e-01,1.385660137700102768e+00,1.169649144953845532e+00
-4.056432076503861395e-01,-1.125728886790253291e+00,-6.915799931234247744e-01,-5.020280026565008269e-01,-1.058669665444044838e+00
-2.073780860776393009e-01,-1.462734632462564965e+00,-1.328639075649184376e+00,-2.940804983695667341e-01,-1.424654647887634296e-01
-7.570719676005950305e-01,-1.389568688818840325e+00,-5.379491652359645881e-01,-1.015962520732301977e+00,-1.988768450979707225e+00
3.492613840035562189e-01,6.786843598081333528e-01,-2.538430619291495161e-01,-2.628129481375299226e-01,3.672455832267085274e-01
-1.037801015742058075e+00,-6.144814693566007513e-01,-1.458996328984788704e+00,-1.600503367926575882e+00,-1.751841919249374158e+00
-2.423074503402658786e-01,-7.752777203507115189e-01,1.866506316012174205e-01,4.422247547766907094e-01,-5.002491012036518470e-01
5.433443190976482429e-01,9.295141744075061663e-01,8.647651307484160998e-01,1.227524831357717616e+00,1.677462754158469682e-01
4.073252063169860993e-01,2.282736823312565555e+00,-1.144590702543385463e-02,8.747885848958338872e-01,6.406759617053601197e-01
4.171255839311096558e-01,1.877157365228368624e+00,7.472918632586270649e-01,3.730689385829403237e-01,-3.920233564354147493e-01
-8.585807971084278289e-01,-3.349813985128657912e-01,-6.222100276369781913e-01,-1.327904236572326591e+00,-7.601583313474976622e-01
5.559528400558365613e-01,6.678846975590152502e-01,4.866479599569773495e-01,1.035792434586040311e+00,1.108674819354487084e+00
-9.770706209423486721e-02,4.915920147842506305e-01,-6.463154913659090450e-01,-8.435433813084694532e-02,1.103244884649118296e-02
9.631020696656450442e-01,-2.254357314813844937e+00,1.261481416503782427e+00,1.336304255112153561e+00,-1.101722776637146461e+00
-2.009817798337584782e-01,-8.703259607806268505e-05,-1.095248565934849649e+00,-5.206849850173081995e-01,3.356263079171195596e-03
1.221148280080963877e+00,-1.862775387353274859e-01,1.477622675843492717e+00,1.900330922924724053e+00,1.076581391433258705e+00
3.018510400717622777e-01,7.456749757300503711e-01,3.145262516638300254e-01,8.952088801863894441e-02,-6.157848124108070698e-01
5.436155964757289905e-01,-2.553882019199981701e-01,-1.627853005871140457e-01,6.369473068604021293e-01,-5.643956815985889941e-01
-2.853964170267373479e-01,-2.569883294533390483e+00,-9.023273758322816196e-01,-9.014710822437543847e-04,-4.619247864009107252e-01
-2.954253545675825099e-01,2.188766557243128297e+00,1.161752015567340202e+00,-1.261542141536881267e+00,1.841900506145372818e+00
-2.805363767506626194e-01,-1.354670513757699091e+00,-1.470358557666333166e+00,-1.928812113440696585e-01,-1.727868639830752784e+00
7.277242493711686411e-01,1.341081442098068122e+00,7.952230863689884188e-01,5.104258926754731140e-01,1.033470041483482982e-01
-3.254957070905443173e-01,3.695443842430279346e-02,-5.140838349430262300e-01,-1.618854552223261134e+00,-4.131587022483170779e-01
-8.440101046734015122e-02,1.186048477805963230e+00,1.990825621577547722e-01,-6.731769546950987504e-01,9.727852685978959357e-01
8.499534746982178035e-01,1.778038005380032427e+00,1.070948207468951807e+00,6.380337071167127005e-01,3.886706384593340280e-01
3.748865632025061290e-01,2.418853290722197347e+00,9.338716481272514303e-01,9.375342948343390326e-01,2.079883849933178208e+00
-1.874870902591128652e-01,1.259805793923867157e+00,2.511554056310340011e-01,1.911146505227774850e-01,-3.410034302967955289e-01
2.072477766429032253e-01,-1.733032179173621401e+00,2.175179897404029838e-01,1.297215587017730654e+00,-1.644395036946130484e-01
-1.021233125464026781e+00,-4.004527986531605244e+00,-1.838585754158219121e+00,-1.589702717187123859e+00,-1.011890204285460726e+00
-1.097205949328828201e+00,-2.877076236064465498e+00,-1.273997707343315744e+00,-1.655230855517899835e+00,-1.000363431641896339e+00
3.157715049404568597e-01,2.085694922815764407e+00,6.363602933167988862e-01,3.655432338571897311e-01,1.743255452441446085e+00
2.003075577608646185e+00,3.370970644309856823e+00,2.348940147068373729e+00,3.455108193340671985e+00,9.032246725660439957e-01
1.461983718901933349e+00,4.755350481935846751e+00,2.161399023115984974e+00,2.314752307623927141e+00,1.158375561593573355e+00
1.832138233200772959e+00,2.409114420502097786e+00,1.767938627727288825e+00,2.523666927651353031e+00,2.027953380104383196e+00
4.147470814651573190e-01,2.580771757358603091e-01,-2.634815777286467764e-01,1.802418484330559623e-01,2.670407696577552503e-01
-3.828127359339367763e-01,-8.516651786768983934e-01,-7.063318839006595962e-01,3.773623875017627638e-01,-3.412622829684606729e-01
7.766711981519814900e-01,3.463873528111246713e+00,9.473070115569024452e-01,3.221334956517910575e-01,1.918346783664075961e+00
-8.685146226625498622e-01,-3.147088346264562020e+00,-3.138787606493973481e-01,-1.296951250743120232e+00,-1.406292660288851692e+00
-2.079188496771247952e+00,-5.431348934426640795e+00,-1.530006750863620368e+00,-2.923425144933617492e+00,-2.823800385514969591e+00
3.084274831673088912e-01,-1.584017874870930820e+00,7.683081610142059592e-01,7.222980247584780411e-01,-6.865363795908647759e-01
7.515069862203197504e-01,3.146114634838420354e+00,3.889472309643682291e-02,4.343566810063627104e-01,1.448810243656355023e+00
5.127311698301257881e-01,3.310907495473580098e-01,2.752920044363062479e-01,1.318695187758608833e+00,-7.583120013090837164e-01
1.127148563015017757e+00,-1.104923257135776549e+00,1.467790845960253554e+00,1.485834983351631999e+00,1.118334985708864471e+00
5.565122198082195215e-01,3.799501349778552917e-01,7.576858073341610211e-01,3.194923227183950609e-01,-9.499303020137579434e-01
2.517901390706303033e-01,3.689521262529139589e-01,7.577417242142504561e-01,2.889790596232283404e-02,9.085506636688859272e-01
-7.661971619947005596e-01,-2.178094349887996994e+00,-1.492734316104872727e+00,-1.072015944798148990e+00,-3.603553821675455904e-01
-9.414717787383672376e-02,-2.355624095918329719e-01,2.673661632607482463e-01,-3.928082611982181005e-01,-2.705783939018907569e-01
-8.589835493850035419e-01,7.191495026632367393e-01,-2.483340033180390982e+00,-7.804207672973253462e-01,2.581825311543723966e-01
-2.681647386733884142e-01,-3.138601693309980289e-01,-5.588295527285598308e-01,-8.090706945106902470e-01,1.043890413070460266e+00
1.383421895493703424e+00,5.304390333539266145e-01,1.447537237786592934e+00,2.088156338370963816e+00,1.684667808469507477e+00
1.528350104976822499e-01,3.283625027108061367e+00,-4.792321583615466452e-02,1.108001578229070638e+00,2.128449554641902886e+00
2.738886738279557864e-01,3.835439916413922568e+00,7.838412342177700776e-01,5.147320169565644532e-01,1.139621619399850294e+00
-5.045387264273488714e-01,2.114810879289361067e-02,-6.392374296747284079e-01,-2.364558598467261241e-01,1.044172113713909944e+00
1.892423038605013819e+00,3.814897653771736508e+00,1.935106265652713375e+00,2.989907649409862422e+00,2.222435791505680491e+00
-1.441978449043512578e+00,-2.802740273031113283e+00,-1.066098717566413390e+00,-2.825920821048478526e+00,-1.011785441066716196e+00
-6.738931891238324479e-01,-2.936293178827189099e+00,-1.198783595185719975e+00,-3.631309002984033363e-01,-1.243312891936723563e+00
