1.131094283915474952e+00,-1.428840629536161089e+00,-1.996491685038707997e+00,-1.248515937407963516e+00,-1.093214321112065401e-01
-4.884313386932002121e-01,1.926497622432238765e+00,1.676037621402835409e+00,1.533772247161226954e+00,7.159998070068950282e-01
4.566621991103047007e-01,1.307189982903262049e+00,-3.682007463757220322e-01,-7.708606773740659390e-01,9.395748050511465443e-01
1.623838210381172986e-01,-1.379759443572440958e+00,-2.430457639354007604e+00,-1.496976025020280820e+00,3.974123240063985874e-01
-3.200086524644648600e-01,8.961533150504372713e-01,7.548105426082251102e-01,2.121774049216859359e-01,1.745368419189923526e-01
7.888333929999179206e-02,-4.944965153389315193e-01,-1.588237871896218401e-01,2.190962318880099458e-01,-1.091168391837818330e+00
2.353767343127810552e-01,3.493367840036227800e-01,-6.893992545086891077e-01,-8.872794002523909374e-01,6.906526208716825543e-01
-3.528423121278313479e-01,-1.100542876492760502e+00,-6.344966119283107497e-01,-1.181739922672981669e+00,7.953822410879610172e-02
1.662402119026524128e+00,1.127553418988287648e+00,-9.943950961261037724e-01,-2.238627979360158005e+00,4.045882173001661974e-01
-7.658270898302820262e-01,-5.706417012264050070e-01,-2.540484168950100097e-01,-3.121834194800557349e-01,8.426745260812652516e-01
8.939809301317606233e-04,-2.636097389152054493e-01,8.973017260930712946e-02,3.217780031119882311e-01,-9.516764980436903665e-01
8.523675124968562722e-01,-9.916021244089603393e-01,-1.401640279908524134e+00,-1.899531767563597207e+00,8.445764315003038147e-01
3.837462545221179133e-01,1.101612629334536964e+00,4.836407798243336775e-01,1.230998914204766842e-01,1.181805378043888410e+00
8.155378219965633280e-01,1.412334629134517794e+00,4.436122871736591922e-01,1.501776700263010689e+00,-3.250277026121962676e-01
-1.157706168346460895e+00,-3.937630467152719138e+00,-1.679274077672867627e+00,-1.652662641257861331e+00,-1.493668024635226521e+00
-1.768728824247285669e-01,1.293809777820228213e+00,3.319972832584245359e-01,5.306538761803972770e-01,1.792107986049922053e+00
2.935567970147667793e-02,-1.194535425895036918e-01,3.890218983997717483e-02,5.140591367803533096e-01,5.695026100939517555e-01
9.506742887397893194e-01,1.150016655127554577e+00,-5.776134201478411168e-01,-5.762074135059486180e-01,4.179698905735635961e-01
-6.204797839058985298e-01,-6.860301322057467122e-01,3.463754818091737686e-01,3.030707110270805527e-01,6.528246314349347469e-03
-4.190401894028109725e-02,-8.479130972188109183e-01,-8.164401273052339647e-01,-1.033380109511237821e+00,-5.257076561204228060e-01
1.420247869310993449e+00,3.078302234872271281e+00,1.086141342481294902e+00,4.220809134293014853e-01,-5.573581998962741091e-01
2.900694149151710199e-01,1.810907885183191457e+00,9.156523539029977066e-01,1.515094865787863121e+00,1.129577414859402884e-01
3.272714272096092780e-01,-4.283210967864560237e-01,4.387254484359048856e-02,-3.206990722384329695e-01,5.866216839778767844e-02
-4.796787975727828668e-02,2.325645854196907170e-01,-2.529973707739345823e-01,-5.840303144194181062e-01,-3.009960584541517270e-01
8.982522341667769084e-01,1.975414600690151290e-01,-4.953281841355290371e-01,-1.887305109977238882e+00,-7.654470621639996031e-01
-1.413529952586790150e+00,2.318199576914116378e+00,2.853045383628860954e+00,1.752498253559232833e+00,1.276645808981593799e-01
-6.157426667192104075e-01,4.017978171193807568e-03,1.277565311516744906e+00,1.754656562965990485e+00,-9.826022686704101172e-01
-4.275487441700339675e-01,-1.371218729949181592e+00,-2.601663621977360341e-01,-4.697223529498564254e-01,-1.393443758424540713e+00
9.680120643097778199e-02,-7.090265029525498752e-01,-1.038257575765739182e-01,8.439253157665595195e-02,-1.223535577545547204e+00
2.266202855333783982e-03,-1.011010057477035540e+00,1.637420222570915018e-02,-8.799948940422305799e-02,-1.417392114904866496e+00
-1.609865126617446407e+00,-3.815074258960230447e-01,1.047335572145399629e+00,1.274389306782776510e+00,4.851427618934217589e-01
8.381130937189797125e-02,-1.636996761678235046e+00,-1.373856707527200349e+00,-1.470498248118539575e+00,-6.729728279860088813e-01
-6.445726720795729170e-01,-8.474574503350704724e-01,6.750687409279448881e-02,6.335983568914154151e-01,6.250027807794242829e-01
2.135851517298383406e+00,8.512970648715509903e-01,-1.900199318373057222e+00,-2.113127413878088667e+00,2.933426827562056194e-01
-2.050351342663046805e-01,1.133996261825176877e+00,-6.605497428380842084e-01,6.122532292093796347e-01,1.449317213247057534e+00
7.998769778452573531e-01,2.609860820382852165e+00,2.473068363924690871e-01,-6.986155511118474770e-01,5.896814255006030958e-01
-4.191497061956058756e-01,5.426933836096841102e-01,5.648121416721130217e-01,1.224086120266355548e+00,6.301222413264424560e-01
-1.850474124519764785e-01,-7.437705229813240670e-01,-4.761489739417584799e-01,5.145481116344724493e-01,-5.008365211246524895e-01
-6.444693659826300491e-01,-2.530840299826831341e+00,8.916609546806136821e-02,-5.734400114592875797e-01,-1.546267891519006010e+00
6.408567019486846039e-01,2.560046389777541620e-01,-6.618722213692692646e-01,-6.902125579411592105e-01,5.126960065977063108e-01
1.001433983827998198e+00,2.592940647943434485e+00,2.545741473892453310e-01,-1.119713831538518889e+00,9.642597279174942582e-01
-9.559485754449396078e-01,-4.736755041679047706e-01,6.496120546852010014e-01,1.575600648756722233e+00,-3.756331679970396076e-01
3.910565155638141555e-01,1.393942814944743036e+00,1.052186383913092271e+00,9.979996806920735652e-01,-4.700701593412132118e-01
5.904625995202856803e-01,-1.473313046950557315e-01,-8.762098283181589675e-01,-5.672417430488870815e-01,-3.630314484287511245e-01
1.048852952164430974e+00,6.513977633460241723e-01,-9.153992377379578382e-01,-1.249162869629357298e+00,-6.259550509120959116e-01
-3.571278146251938290e-01,1.438431876468152792e-01,-9.482646074017997417e-03,4.646657327799544879e-01,9.742545393947151799e-01
1.199732488310355283e+00,7.252708999751851238e-01,-8.644921989282566832e-02,1.235887058844495866e-02,-1.484069788563164016e-01
-8.208667178207136317e-01,-1.378335137131643462e+00,-6.770055347985353134e-01,-4.545045208085852217e-01,6.246071125363117371e-01
2.719157180635717874e-01,5.883695854478693255e-01,-1.138570895281213330e-01,1.085007555436579146e-01,2.633319746519497406e-01
-2.487702237120099913e-01,7.240738363228952368e-01,1.468897416990094129e+00,6.230060180912031509e-01,-7.702245167260262093e-01
-1.014585332770786830e-01,6.461845810202769824e-01,3.270946447599524382e-02,-2.487573401244645710e-02,1.600411599470463297e+00
9.489375628595744239e-01,2.995222127937622769e+00,1.112585432650473827e+00,5.837801116045568950e-01,-1.925786796306586945e-01
5.263616255332360661e-01,-9.917292599943754450e-01,-2.608151074592459095e-01,-3.504651738199979997e-03,-6.849922148064907512e-01
2.323305010613332389e+00,3.787973555456909835e+00,7.044172804437063284e-01,2.547582429975503993e-01,1.196310605662076476e+00
6.711888264260570947e-02,-1.099456961737642180e+00,-1.062925411601054027e+00,-5.073622690559889126e-01,5.513162292181782442e-01
-4.394270414222622434e-01,-1.227444082431414785e-01,1.092377275035041895e-01,7.435601392920819785e-01,-3.103740919272202081e-01
1.021427588988302881e+00,1.454795057178129847e+00,6.501869257946499836e-01,1.461399159636732337e-01,-8.688890721163273767e-01
3.190049248938043869e-01,-1.310900292391119715e+00,-3.322497012429412866e-01,-2.853217457876382479e-01,-1.268381065655645568e+00
-2.099529965119106278e-01,-1.747783193851995431e+00,-1.090365224249221221e+00,1.778410598856110802e-01,-8.478969743864237518e-01
1.123250685057092024e+00,-4.275368548391167423e-02,-3.410108408629560217e-01,-2.173799582442523803e-01,3.463544821786590511e-01
1.232961000145756714e+00,7.698510464087131577e-01,-6.613659008954068108e-01,-1.783118028907819397e-01,-7.781284090266236131e-01
-9.906231416669790679e-01,-1.859462486547776294e-02,6.764046426604261031e-01,4.921361790105700518e-01,8.529825797939905030e-01
-1.565906690572696769e-01,4.567237794193884648e-01,6.367405272714199427e-01,8.178089919252931050e-01,-3.793119594332878264e-01
1.030368461309427053e+00,2.052560142471482330e-01,-8.630401918587163879e-01,-1.527749760929038914e+00,7.028111933432503733e-01
-4.471114954748087178e-01,-1.306560295572994246e+00,-1.328991388699939380e-01,-1.780259932594651651e-01,-7.310947364990013631e-01
1.416812856486600491e+00,1.587234195235097012e+00,-4.975301619056660130e-01,7.614604770109935361e-02,1.124647724212997218e-01
3.298107066475386429e-02,-1.935096031948951856e+00,-1.975474123730128984e+00,-1.048975251110968010e+00,6.845832133325378821e-02
4.508551739242852574e-01,2.082673311824399798e-01,-3.929095024040637485e-01,4.096802592122888997e-01,-1.380269041439960986e-01
2.647068389379034770e-01,-6.147028046157261283e-01,-7.531126004707935362e-01,-2.238035130541895235e-01,-1.592173325842313053e-02
-6.992809815798411988e-01,-2.759448876268574935e+00,-2.150457458879817541e+00,-5.033912417592233401e-01,-4.290231441645989130e-01
7.834093667881594086e-03,-1.112703268366733278e+00,-1.113002881199245619e+00,-1.656916936608160418e+00,-1.444585380981501244e-01
-4.011447911038769631e-01,-1.667790472305045180e+00,-2.206076407005745033e+00,-1.352461401600936863e+00,1.567422088585608053e+00
-1.876891479708230337e-01,8.363048409377569214e-01,3.756510033033478857e-01,8.753644303426036388e-02,1.917236205082213096e-01
9.514646363371627169e-01,3.662251048630563943e+00,1.573739451318442617e+00,1.679536501010159055e+00,1.180826769995427572e+00
6.333204442925716160e-01,2.494045887389742422e+00,8.507710453285624030e-01,-3.906542809328890642e-01,1.207988211892543351e+00
-4.682163041846398172e-02,-2.151131501352878228e+00,-1.411550121276920811e+00,-1.964526396238175820e+00,4.794320266264289199e-01
3.390670096906972519e-01,-6.647361010214902777e-03,5.550195273828459896e-01,1.160516650306432584e+00,1.044810367216925773e+00
1.282410444296006258e+00,1.626310340656143216e+00,1.847421257591183585e-02,1.619743567381226046e-01,4.114551589981704227e-01
1.033219101270721474e-01,1.769046481283003125e+00,1.414460969233884535e+00,1.097641370891923707e+00,2.756884542430500240e-02
-1.803974112495249915e-01,-8.259269317369172247e-03,5.118265961755179561e-01,-5.888023322271894733e-01,-2.123041842689162018e-01
6.840868542116828044e-01,-1.467296837897082984e-01,2.105501146759543585e-01,8.090800432417298849e-01,-5.660453062981444239e-01
-3.040362667568257127e-01,-9.756960347236992570e-02,1.046061366870115084e+00,3.275385874383650586e-01,-7.264571405422070027e-01
-8.113660894830752035e-01,4.738741825386506012e-01,2.358142898356252459e-02,-1.169494594379586694e+00,1.647989441012724487e+00
1.552241179975148322e+00,7.754584177498775599e-01,-1.000731367284577011e+00,-3.308415383065966275e-01,8.564374454711991616e-03
-7.248333429284967711e-01,-2.647849558601833131e+00,-1.011096294105482629e+00,1.159107007215812168e-01,5.144726933776340438e-02
2.417584658655322905e-01,-1.398935069666040532e+00,-1.843991043150088771e+00,-8.221005297454158089e-01,8.046771635406444467e-01
4.550006941609415212e-01,6.663860386137597791e-01,6.779195589114968001e-01,1.118984592191459404e+00,-2.441454811635165534e+00
-1.184633554377672315e-01,1.097270152757916728e+00,7.979928959895539187e-01,-3.750117512658237562e-01,2.991831369584370126e-01
1.564002811762412293e+00,2.777217004203728745e+00,3.828259851771181888e-01,8.302912639636750303e-01,2.258394946217854582e-01
1.597740674095758706e+00,4.610853832369967709e-01,-1.072869365619326665e+00,-2.251678282048114044e-01,8.992437347703072237e-02
4.478599565778296210e-01,1.451263778026831597e+00,1.282444753828639872e+00,6.107346712411644285e-01,-4.914205158111979443e-01
-1.047970459191460924e+00,-2.624727931573749728e+00,-8.097829691949840480e-01,5.328610555728386933e-01,-3.448392881800747545e-01
4.201282260187839124e-01,-7.219932840240763650e-01,-2.166538150700046739e+00,-1.783055022459182792e+00,9.274545973590910819e-01
-1.212176195082840247e+00,-6.379722157641285474e-01,3.332479724101691243e-01,-2.282056544242834217e-01,1.214112287689273817e+00
5.531486226362816172e-01,1.334636834546997219e+00,9.784603609488439213e-01,6.893921098382098656e-01,5.894860016793823654e-01
7.711374941299763419e-01,6.820836910734626723e-01,-9.740797130232088374e-01,-3.137367789943244500e-01,1.575412415780635400e-01
3.651923800814276255e-01,2.769066230388985694e+00,1.839127555948599335e+00,1.426049083192811429e+00,9.138655919192018029e-02
1.089700426013847423e+00,2.655976015786045696e+00,7.804352462593513451e-01,1.225991831760109729e+00,-1.813702508911434752e-01
2.639109343271731634e-01,1.199717447436701390e+00,-7.933116678515927944e-02,-7.201161923512667817e-01,-9.625004304339237482e-01
-5.905743740991160617e-01,-1.955465529750159415e-01,6.257496765572689856e-01,1.771809219205330577e-01,2.646867331144558966e-01
-2.372424057097240746e-01,-6.035336873660734902e-01,1.206524191051079331e+00,5.366917935212378588e-01,-6.825054639266394663e-01
9.476296453782439011e-01,-2.374268828880136128e-01,1.438073757740586656e-01,-6.116177944100733566e-01,-1.510051021054421572e+00
-1.597067017882457307e+00,-2.671954615249487741e-01,6.904348354007909805e-01,1.583601356840234065e+00,-1.176138644997492960e-01
2.586098917434359046e-01,7.528153865210843732e-01,3.670427597448467361e-01,7.686973579291567216e-01,-4.005501233080201451e-01
-9.385091582206341876e-01,-1.413979574619330437e+00,1.157541204909844357e-01,1.026356338563441106e-01,-2.670143944224991905e-01
1.798648593110014016e+00,1.362511982303428182e+00,-8.976680703950583595e-01,-7.128326257439319136e-01,-2.621276965152542493e-01
-1.156887754476433772e+00,-2.997953791404161183e+00,-6.288131683826574392e-01,-7.814819038379197114e-01,-1.106439159181667797e+00
-1.773298014349739660e+00,-3.657307949247542211e+00,-4.473100958565403573e-01,-6.765263987322137629e-01,-5.002906811906285833e-01
6.973145917870327004e-01,8.526051748614472681e-01,1.168189496272705519e+00,7.590224951522617225e-01,-5.586240777465468765e-01
6.397021622364391646e-01,4.997063245215994653e-01,4.292155863593073439e-01,-7.901476466752407335e-01,-1.423745574071236808e+00
-6.275983468769212870e-01,1.875201127230813336e-01,7.628110032804670260e-01,8.593148389535079090e-01,2.720513127370108308e-01
-2.094748698457559177e-01,2.511570837317234073e+00,2.148358258052583292e+00,2.205731991128856873e+00,6.861210749215402860e-01
-1.146768050889381607e+00,-3.955897113010830246e+00,-2.462375891454575694e+00,-1.240726694694981314e+00,-2.028466369173353989e-01
-2.536139589488030088e-01,-1.140000517052384588e+00,-7.222202242307589337e-01,-5.825632299297928141e-01,-2.190880286775869212e-01
5.386301927181469384e-01,1.833608514387757848e+00,8.253555406787228543e-01,1.066111557858196779e+00,-1.106331476601072061e-01
1.181588596133908570e-01,3.130717039111413635e-01,1.906163610181399459e-01,2.833963179860896076e-01,1.448889662077512963e-01
-1.532001136905793703e-01,-1.210353560352445790e+00,-8.712342179191414626e-01,-7.976479380629462046e-01,-1.025086824878648661e+00
-5.653238941830973641e-01,-6.098814153116864922e-01,1.967364946951517812e-01,-4.351024504150324129e-02,-9.755290828812188120e-02
7.838960422525598215e-01,1.891591370173791031e-01,-4.467145646087646860e-01,-2.273650109176563253e-02,-4.502707909656198937e-01
1.347213870475929109e+00,1.805319482573490841e+00,1.978021786390977144e-01,7.075735532826407104e-01,-9.467606378499181519e-01
1.087862471994667901e+00,-1.698852697714673954e-01,-7.468454324147795198e-01,-8.061516815330311836e-01,-2.207123205092718643e-01
-1.035189136298527046e+00,-8.679362867866691200e-01,6.106714882647530374e-01,-2.422650107479250026e-01,-8.440419203475182375e-01
1.523548984265036543e-01,-7.900514332864973233e-02,5.278518600671623651e-02,-1.181256713180422052e-01,-3.922392007120745205e-01
-6.264541577579146869e-01,-1.611227354071134599e+00,-2.877102072947384515e-01,3.440700933117902816e-01,6.216230663650681443e-01
-2.382961289531878579e-01,-1.232164751178330686e-01,-1.065368318670674608e+00,-1.984007655966184280e-01,1.401441472804246136e+00
3.618052813891147745e-01,-1.047711798972445374e+00,-1.417738812283922289e+00,-1.372760438151042095e+00,-4.730758725744955151e-01
2.151517820604772702e+00,3.075634467442217579e-01,-1.139774151300560368e+00,-1.223222241413682410e+00,-1.105725089036374786e+00
3.003171602046808553e-01,1.019459986100106796e+00,2.704655049810934520e-01,1.153180515842422649e+00,9.563535955451670789e-01
7.029212806515826306e-02,-3.395093958103234666e-01,-4.420115287425455675e-01,-4.427683336774988487e-01,-9.306138893930032685e-01
-3.318755379961837448e-01,6.017450483456245891e-01,6.964128290335046545e-01,1.096383091062086562e-01,2.416380253030307734e-01
5.297074985812094683e-01,6.010826988451413166e-01,3.435510893703302981e-01,3.649153295018767174e-02,1.653828277395482868e-02
-1.207813103206691219e+00,1.036818737933557499e-01,1.088261944440616302e+00,3.652537108610089400e-01,1.297502389198278983e-01
6.273054582812792601e-01,1.792810074024324685e+00,8.776861662288231170e-01,1.288897877029405503e+00,-2.835944675259189363e-01
7.667547668848415654e-01,6.724075133575723173e-01,9.398281387052315194e-01,4.966809148587800204e-02,-1.149975768780802765e+00
-6.585317848525972240e-01,7.845997878857454699e-01,1.165051286025313271e+00,7.605675434748063735e-01,5.651400898931139283e-01
1.331525312328390775e+00,2.444058613864267926e+00,8.628158370376566300e-01,4.968336452669190328e-01,-2.225678250263661562e-01
1.864497505706842473e+00,1.487147599724636837e+00,-1.108769577768598802e-01,2.609876696794802831e-01,-8.621955260916941421e-01
-5.255640717529876937e-01,-2.155063859846829910e+00,-1.352785813880622356e+00,-1.020922569026570859e+00,1.072616228701539498e-01
7.042175040349883952e-01,-3.777363393045164719e-02,-5.627704715683580217e-01,-4.033741888584445046e-01,-6.776096284842805240e-01
-2.932169917045746588e-01,2.594103597201177447e+00,7.199709977922260640e-01,8.884060902390847891e-01,1.882905400384302208e+00
-4.602733999453045288e-01,-2.004307923474754283e+00,-1.423865329143336300e+00,-2.786803980709183781e-01,4.368953347629065398e-01
7.358045008544615850e-01,-9.498609997328574250e-01,-1.315445760196594982e+00,-3.128499906842558964e-01,-8.021572758243280532e-01
3.506462270778389345e-01,-5.536849135178383285e-01,-7.533188806631266887e-01,-2.472349525673541160e-01,-1.558767513786789571e-01
-9.302475254222506429e-01,-2.879831992509451766e+00,-6.401693186295280835e-01,-1.115669226104010647e+00,-5.921305457186080146e-01
-1.111273536820937213e+00,-2.302591662451474175e+00,-6.774726472845145064e-01,-7.602226255406826505e-01,-8.091884329874053927e-01
2.426190959729557228e-01,9.688978522961451123e-01,9.521219961438005530e-01,1.977701906432872692e-01,-7.888953459014517167e-01
-1.046294996216517337e+00,-2.381297504637338136e+00,-1.279175598869257247e+00,-8.170567179550927150e-01,-2.933905318117673855e-01
-9.318609174364946846e-01,-2.637787422548873106e+00,-1.578411625801511953e+00,-1.182615573088202643e+00,2.115227295902925853e-01
-1.311330418578089407e-01,1.257019813963177191e+00,8.925911059569504591e-01,6.832972352384619752e-01,-6.265444985376387999e-02
-3.072258729525380039e-01,3.143667916274470731e-01,6.735850141706594130e-01,7.761266446102927929e-01,-3.324269456484065244e-01
3.765396471376667442e-01,2.033125173282284592e+00,9.207933378724904028e-01,-5.225371800787521198e-02,2.685589031082007971e-01
1.640596727513965680e+00,2.095230017389203336e+00,-5.763264195653134969e-01,-9.292822801338115335e-01,8.357624284172303630e-01
-9.165502160729664949e-01,-5.941792852535587866e-01,1.089391310398583723e+00,9.306095595345841298e-01,-4.668988220491911978e-01
1.242281719634530823e+00,2.559428636691265524e+00,2.232503669309101879e-01,4.017620265503416555e-01,1.131484684405356322e+00
-1.006302809364139073e+00,-1.865967209748827127e+00,-7.701734461373652696e-01,-1.470120332418945575e+00,1.232087663479789486e+00
1.158759021444305398e-01,-1.171184247602023998e+00,-6.325308687997243107e-01,-8.873883810581528753e-01,-8.369887410778213965e-01
9.130923466637002051e-01,-1.211875041470202197e+00,-1.182859542728573077e+00,-1.357637384319437812e+00,7.769270047453526173e-02
1.953013917638768193e+00,4.608470774715085483e-01,-1.425961279198066922e+00,-1.937421933799046370e+00,-1.906377353804400432e-01
-1.242357993941705541e+00,-1.418552994949795476e-02,8.031662201339472285e-01,1.180355419434584885e+00,4.248881005611116479e-01
1.415856770192229774e+00,2.864661784190640326e+00,8.546937284160065484e-01,1.325571222175654595e+00,1.327250073803319941e+00
8.482270685144661579e-03,-1.009659787444283863e+00,-1.427726918552396196e+00,-2.007735911043106558e+00,7.884856619998300564e-01
2.080375439654109371e-01,1.583740031329814002e+00,1.270805942935214095e+00,4.797920607856017705e-01,-6.493035202033010655e-01
5.147380900383949909e-01,2.035220805583450421e+00,1.777728255633687915e-01,-1.900444177335797458e-01,4.870498423503663021e-01
1.573975778798968106e+00,2.078948154483546418e+00,9.060057259143643460e-01,2.003505654893452670e-01,1.255415232395281633e-01
1.998279689593379871e+00,4.696071565513453727e+00,6.262451958323599355e-01,7.146959920372594199e-01,1.603077762872030521e+00
4.122620500852011149e-01,1.210980774036883645e+00,1.225440712098354590e-01,7.368491891553632378e-01,1.026087580069949823e-01
-3.850708032961459582e-01,-3.271875908151066215e-01,3.424820430454409981e-01,-5.768016914879515317e-02,-2.836427934252912508e-01
-5.294019544408987699e-01,-2.353860032205158603e+00,-1.066302806618425247e+00,-5.877840506566325285e-01,1.540046230670225891e-01
-1.654436528176965071e+00,-2.110792638879414707e+00,-2.093981779185934977e-01,5.268305533595004642e-01,-2.013583912597137829e-02
-1.160729950145896527e+00,-1.223863258497461137e+00,1.343054039865120286e+00,1.592206212659865949e+00,-9.692038018123714238e-01
9.051329572661905853e-01,-1.601812310046108134e+00,-2.402935206677033975e+00,-1.267720532485967500e+00,-4.751263696935038583e-01
-1.292528737489627488e+00,-3.269327984166915169e+00,-1.081037323419205221e+00,-7.751473983428215364e-01,-6.684662882996647015e-01
-9.228469741432828721e-01,-1.561795309447497226e+00,-5.369653136713530284e-01,-2.423333007877924439e-01,-8.864722668333088196e-01
-4.087716333013690639e-01,-1.108923161544382197e+00,4.425118250373883955e-01,-8.795956585035393793e-01,-9.845587614679963684e-01
-5.120928147668103447e-01,-1.607228843061848433e+00,8.140451370219736749e-03,-4.504257828905633976e-01,1.549321786070825269e-01
-6.565763340965946604e-01,-8.898651703753674980e-01,5.037611449264647323e-01,7.690536031486658874e-01,7.733927757477772336e-02
-7.636054155863436499e-01,-1.822045206735503520e+00,-5.517235676919634013e-01,2.845345469586594844e-01,1.146997178187069810e+00
-4.350564895881156025e-01,-5.976248179478429456e-01,8.003400069738655365e-01,-2.345509414834248130e-01,-7.772910930203584812e-01
1.178501159686289990e+00,9.165901912424656572e-01,-3.077309976826418381e-01,-9.740776468944239985e-02,-5.002315566806366798e-01
6.024889400821227259e-01,-3.493767559533873523e-01,-1.702062177064212811e+00,-7.782178245827977570e-01,-4.177456889094637860e-01
1.527107493818341544e-01,2.850788696624501295e+00,1.648321051096507173e+00,6.266404362313543475e-01,1.394711256144584910e+00
-5.075958375237115128e-01,-7.782236806700566500e-01,-1.041601875633305641e-01,-5.611697528960473136e-01,-1.873178030691546592e-01
1.479366639658220295e-01,-4.821239577507507867e-02,-7.845034324067873266e-01,-1.108782558566270726e+00,1.168204983475330971e+00
2.691204176653810842e-01,-1.244449798356281667e+00,1.924809051224782297e-01,-5.955692744091041213e-01,-2.386991828994895037e+00
-6.249714779777550966e-01,-1.432575460996893479e+00,-1.505654967062745875e-02,-9.684809896448330624e-02,-7.736842065229642129e-01
-8.508850638280535117e-01,2.612449919704237900e+00,1.589559605819293342e+00,1.297292214372477881e+00,1.902359859655082364e+00
2.433996590911193247e-01,-1.392363858974834945e-01,-1.695372806232463281e-02,-1.327473112743827177e-01,-4.905376292174617459e-01
-5.359665864573606164e-01,8.590345551560332193e-01,3.574156453510503595e-01,-4.917023043951748162e-01,7.966009720007808381e-01
-5.685604844594098761e-01,1.933561549533996615e+00,2.334823521262997748e+00,1.899862921373302704e+00,-7.170220936543630907e-01
6.153776853403428344e-03,-1.443714116927296010e+00,-6.848188361445281536e-02,-1.196522624892461389e-01,-1.160783920881780062e+00
-3.181008244287635012e-02,5.353157559331593873e-01,2.827920680390129116e-01,1.132950801400227858e+00,4.086562822682006102e-01
-7.592165396126305810e-01,-1.026638544340503278e+00,7.000924664100949268e-02,3.530854082515409997e-01,1.685775050088551275e-01
1.286785799103915551e+00,2.930551884015186737e+00,1.604302731827386808e+00,5.266271984847318288e-01,1.126949002191193067e-01
2.624837820874440508e-01,-3.785421466813976288e-02,-1.805273067624191707e+00,-1.140100522500149705e+00,1.866413472268918072e+00
-1.183898737915135141e-01,-5.385736233171651843e-01,3.554732868915797539e-01,2.440019524066336376e-01,-6.196969359389326026e-01
5.953914094073158303e-01,1.397969259788212626e-01,-8.133375024560293154e-01,-5.490223520130843582e-01,-8.494505567359239562e-02
1.111032940479149023e+00,4.234703414997315063e-01,-1.027887767930735663e+00,-1.149242817753878931e+00,1.043216005717449990e+00
3.817846850977104495e-02,6.869149709329921416e-01,9.131988641425481390e-02,2.375841544565931440e-01,1.146504633582247523e+00
-1.992261863016259626e+00,-3.980942059261568744e+00,-5.988913860962935543e-02,-2.792415611210266047e-01,-5.258956097314567701e-01
-9.438947272053263005e-01,-1.337922432730283662e+00,-3.105958503516007344e-03,-2.097904565007680661e-02,5.741152522631119970e-01
-4.071317988225067741e-02,1.828832191781908145e+00,1.405765926356480566e+00,7.988362586414293753e-01,1.979335187048943956e-01
1.203974559099746239e-01,-2.412618159302572174e+00,-1.925378895946540769e+00,-2.205366567229749553e+00,-9.736381366489500477e-01
1.124339584000863645e+00,6.039492570079102451e-01,-4.067458134152078242e-01,1.282665563380017415e-01,7.668034822688506447e-01
4.194633343824670235e-01,-2.294172756435759020e+00,-1.806154153442393273e+00,-1.608104146621532671e+00,-1.758049356511180716e-01
-1.972563085333969291e-01,-1.727352815382950491e+00,-1.392182616661361561e+00,-1.740013516101545976e+00,-2.437056829309582340e-01
6.722903290163158019e-01,-6.009621893079372112e-01,-1.380254944574777376e+00,-1.859860532117444953e-01,-2.066541702630643462e-01
-4.698944296929437603e-01,-1.136368325683502212e-01,-3.240931214811179628e-01,-6.254725791809295776e-01,6.072452740350802181e-01
7.905594787697980408e-01,-2.221062852673302057e+00,-1.328122484458022168e+00,-2.306609536812937122e+00,-1.552440897915630780e+00
-1.197204495100550492e+00,-2.926441441408102140e+00,-1.262683710637171997e+00,-2.937413916524522217e-01,1.714182645142394434e-01
1.244941007607974326e+00,1.327848074300507664e+00,2.021729270438468173e-01,-3.800874729490593545e-02,-5.302504513474202152e-01
-1.015828827688159547e-01,1.702083467666295702e+00,1.566835543378219286e+00,9.432615999684267338e-01,-1.150914045954186005e+00
6.987404425108595385e-01,2.222687188263934743e+00,9.868155832628539015e-01,7.478274946285227154e-01,-4.805652751572789261e-01
-1.564635142670036672e-01,-8.426704532430389083e-01,-2.355044475818237892e-01,-2.464102148199911468e-01,-1.709255704689908173e-01
-1.065519820717800270e+00,-3.793997533789159604e+00,-1.966932291453344472e+00,-1.631736910942576335e+00,-2.537875137739559542e-02
-1.444753020549868761e-01,-8.608994836653838245e-01,5.842062272356113306e-02,-3.832577838570948581e-01,-9.279978020664375604e-01
5.746620705327550038e-02,-9.459485415625551452e-02,1.758803650269049335e-01,2.062330467437122616e-01,1.528537327004703683e-01
2.100357442751874248e-01,1.364537938514123194e+00,6.879907076064376570e-01,4.375814465888628879e-01,-2.400226128166146333e-01
1.178331698165000496e-01,3.924130594125661564e-01,8.869049276228486711e-01,6.923727449834986558e-01,-1.198272399614668249e+00
3.459105309748555235e-01,1.116438294172193979e+00,2.329637086372762442e-02,-2.358765186657050053e-02,-7.412145836751099504e-02
-4.119183100945192355e-01,1.869193803270480236e-02,-8.363558851489605317e-02,2.136315258275589268e-01,2.006075473756143424e-01
-1.301207426354526353e+00,-2.013281189136404414e+00,-4.945053628003093227e-01,-6.351234469066261434e-01,-9.238329760730982221e-01
-3.275950922372530827e-01,-1.364231296122639936e+00,-1.000416851052954970e+00,-4.622723101165129855e-01,1.116950772731115205e+00
-1.057538947028844545e+00,1.350602679638169268e-01,7.203219892592306328e-01,3.640397510388302393e-01,1.430528458673210990e+00
-1.303352640981525201e-01,4.641596686282254414e-01,1.216686883519733531e+00,7.188646226491779423e-01,-2.087231240812936761e+00
-2.075192235126586404e-01,-1.903495664266745102e+00,-1.133226376145409553e+00,-1.237220817125213257e+00,-1.032401325551468158e-01
6.618789078246546664e-02,-1.342552128648413889e+00,-9.399964664958809779e-01,-5.453759369253018408e-01,-1.040693721897194779e+00
-3.950850852240031519e-01,-1.995356591188313100e+00,-1.261025380162212328e-01,-3.195022098918235964e-01,-1.264426323233513783e+00
5.093639276169920072e-01,2.028718801551000261e+00,-6.252807985629998955e-02,4.925626310130605257e-01,7.255964476950432784e-01
4.791524589036406656e-01,1.192525179981961836e+00,5.228366479350797513e-02,-8.868321660767115866e-02,-2.344581185746439089e-01
5.618990179669264284e-01,2.759861258169644671e+00,2.247093035270721462e+00,2.189890248722284660e+00,-3.587834968107224687e-01
3.230599406337642532e-01,2.401884774243144838e-01,-2.864873516853613800e-01,7.703351784854553519e-02,3.983145251796798014e-01
6.186070812569469668e-01,-1.852079084822895183e+00,-2.018909312860105665e+00,-7.265594764488639834e-01,-2.942164673069002090e-01
7.599199790501770524e-01,2.941045705607799876e-01,5.256597063792989299e-01,-2.472035027713676836e-01,-1.301163940030176880e+00
1.088586136848792296e-01,-5.336563917779185706e-01,-2.852600142982705256e-01,-5.485491514991186479e-01,-4.154969478350282186e-01
-1.674744993127719628e+00,-1.837820183692658205e+00,-4.958642875623017199e-01,-1.888395689570515346e-01,1.050888720451748970e+00
-4.526404830991270778e-01,-2.848314119924909571e-01,-4.925534662402925590e-01,2.260647399652837564e-01,-3.050723134629675440e-02
1.283013294581907049e+00,2.487436253048471713e+00,8.826206098717580550e-01,1.300806236895998724e+00,5.608242669730418850e-01
-1.646407193972897032e+00,-7.574650825556041855e-01,1.777832069596542830e+00,1.229061504899952695e+00,-1.728443807573383506e-01
1.290814678561401918e-01,-1.217728914417513408e+00,-3.138264282793506998e-01,4.674708359998490659e-01,-1.411368170314413417e+00
-4.166833515075190619e-01,-2.461898225078887226e+00,-7.254237566586866359e-01,-1.023990870311533907e+00,-1.207475647719987499e+00
1.192042299803089289e+00,1.353273839695072978e+00,7.356247704568270596e-01,3.873168617124841950e-01,4.886007548470651107e-01
3.558533255569559794e-01,-1.139355944343720811e-01,-6.450157407166442480e-01,-7.886955609369123987e-01,4.020038430225649773e-01
-1.594213444024184800e-01,1.176192943668373236e-01,-7.826143210880067702e-01,-1.559499787358259171e-01,1.558029214579014221e+00
6.317294114527954862e-02,2.161053778397654668e+00,1.728931261332395941e+00,3.730240193131307835e-01,8.859582148296256676e-01
-1.247216009161646877e+00,-5.789333261081215376e-01,5.605035928586488136e-01,-9.356367565260337305e-02,-8.459902897407127476e-02
1.601367295478470787e+00,4.065348910814122085e+00,1.566680301260149566e+00,1.878700861340003359e+00,9.955782635087011556e-01
6.166887099201739941e-01,-1.541377892798406757e-01,1.376498662530863115e-01,-3.376178554403468091e-02,-1.923128610755107326e+00
-6.435119273228563364e-01,-1.462833714403282137e+00,-9.800619606244012627e-02,-3.758572822190737184e-01,-6.755398192388073486e-01
-3.888419051865188436e-01,-1.610522847892268183e+00,-5.420451208842729240e-01,-2.833612398160213486e-01,-5.400865110355128618e-01
4.958233903618806115e-01,2.120029961934133400e-01,1.290199835546688156e+00,8.088351947059194691e-01,-1.981194211799552907e+00
-4.686379345705895538e-01,-5.651190638847567449e-01,-4.321956126102360907e-01,-1.571575566497974252e+00,3.279327372388805145e-02
-5.920117322267385296e-01,-1.076278573918672432e+00,-4.846821064638937027e-01,-5.095866267799338267e-01,-9.803512765005852891e-01
7.260659383558696334e-01,-8.783493820326798707e-01,-9.150548238000230095e-01,-1.121964423766979913e+00,-9.957472271482599446e-02
-3.016553672223657931e-02,1.025664881071129964e-01,-2.467372981941073906e-02,-3.614658797105504418e-01,7.272362954143984926e-01
3.838271192870460480e-01,-1.673566878470422292e+00,-1.709065181236819164e+00,-1.730107689375104618e+00,-8.472670907543299323e-01
7.957577744633155259e-01,3.680886876406952446e-02,-3.077038993491997831e-01,-3.950083940123575998e-01,-4.401354929716080888e-01
-5.590574759039340647e-01,-7.088936511303045584e-03,9.721367431890541866e-01,7.039090054891881110e-01,5.773867345588410416e-01
1.286916590100292801e+00,-5.417921165879681089e-01,-2.060437695973082128e+00,-8.373522414448174578e-01,-1.077743431103739935e+00
8.066439771029795258e-01,1.326859589388199367e+00,4.787583651447757660e-01,8.572118926647376291e-01,1.082366699816451616e+00
-7.233408531387502949e-01,-4.575333258480118737e-01,-3.702343777145028492e-01,-7.892844601938100446e-01,-4.850771490625721549e-02
-9.181784484871416963e-01,-4.161119076908453174e+00,-1.213457834123905954e+00,-3.097525352917138708e-01,-1.431668402708493604e+00
1.774967264895530028e-01,-1.638553610915606251e+00,-1.344366747237643711e+00,-1.227902935114177030e+00,-2.895848501737861014e-01
3.327428980455688912e-01,3.856073433103996084e+00,2.443606791189365524e+00,3.537073491457719543e-01,9.981970551144060400e-01
-4.776928052719543460e-01,-1.123687129374580262e+00,6.720616018645074741e-01,3.016983266367563865e-01,-8.726773674596202124e-01
-1.158653480111777739e-01,1.118658396265972632e+00,5.048081789686235110e-01,-3.732252403355616407e-03,7.231965876642304503e-01
-8.937028129701650447e-02,-5.554383533012191565e-01,3.977490614007652137e-01,7.099517688378581548e-01,-5.947863336482185348e-01
-1.858227945157582273e-01,-1.256526547160091711e+00,4.684590557825779600e-02,-5.757463158345283993e-01,-8.651075633429784473e-01
3.767630815632544428e-01,1.183594699575904130e+00,9.618935278519775700e-01,1.546616502128242976e+00,6.811088582440127936e-02
1.275811933460310854e+00,1.617603743441963449e+00,-1.419514724477045631e+00,2.765605151291472205e-02,9.399649704710451026e-01
1.547952492141803527e+00,1.465301205676290186e+00,5.572185618824221365e-03,-8.713906307479968305e-01,-8.040580774638950157e-01
-5.213680688355647463e-01,-1.800467130528075055e+00,-6.564504375750503939e-01,-3.938222152399449283e-01,-1.455267468516701967e+00
5.952285322641700377e-02,-6.667934881598330810e-01,-5.167726253349944621e-01,-1.741054215837807562e-01,3.770941345290751423e-01
-3.616623394173955619e-01,3.297260663832379812e-02,-4.828226851715060608e-01,-1.227681466596582505e+00,5.821221400464453577e-01
4.474592426726526490e-02,-6.220268073168946366e-01,-7.583820035829448303e-01,-1.107282142018485072e+00,2.711492211240169592e-01
-2.135258463758866188e-01,1.103055442481758019e+00,1.591659233603440526e+00,1.387717468620742078e+00,6.333573304738830956e-01
1.144853901455215039e+00,2.968117173839630141e+00,1.357055268067983267e+00,3.584812854107193858e-01,-1.232322250999728780e-01
8.317176670611515776e-01,2.469513449065352972e+00,1.224936005135632833e+00,8.189591815988899182e-01,-5.783521728901193093e-01
-3.499868611294220111e-01,1.278531802850332744e+00,1.641916785843863247e+00,2.100859377166889530e+00,-3.114371566683555304e-01
1.137064675283359305e+00,3.249328833172955733e+00,7.484108153250201845e-02,5.718713164465986099e-01,1.304986697868062651e+00
-4.278407628134897611e-01,-1.976584224531110268e+00,-8.128640360197183501e-01,-7.864097347054336273e-01,-2.236560371160790928e-01
2.072746849004921676e-01,9.469231135267122124e-01,5.589085480216203772e-01,7.354025355301248013e-01,1.476862473786693108e-01
5.484004976946406096e-01,3.797451923364190685e-01,-3.184466781686716708e-01,-7.017365169180317386e-01,4.776964842829413138e-01
-1.746222869839135494e-01,1.543443280829724262e+00,9.074873810054722156e-01,1.043135417952992139e+00,8.556774984365805858e-01
-4.742955013708513579e-01,-1.845034383269648637e-01,3.886658244558447439e-01,5.679871110925306388e-01,-7.421966048484467393e-01
3.565049778536614755e-01,1.239997189890008178e+00,8.430099771054888613e-01,1.045709469643927303e+00,-3.117739924385606320e-01
7.227429038861555854e-01,-1.145301771756024767e+00,-7.575855837772337287e-01,-8.042263260903986799e-01,-6.976369965244951787e-01
-5.995542585199170778e-03,4.531381688844546840e-01,-1.064366009633999077e+00,-1.653434579793737980e+00,1.329443759193144947e+00
1.472716080255782600e+00,1.552891497970981804e+00,5.639406067108563292e-01,2.827098677812116545e-01,-8.698357805332437853e-02
6.514130527284869299e-01,1.918708833518935952e+00,9.652404543292483208e-01,6.838692485788275821e-01,-4.177975644885785211e-01
-3.064028235412406542e-01,9.032481281075619428e-01,5.936632487765682864e-01,3.906739387245226902e-02,9.525631576692451530e-01
6.680305396243927385e-01,1.055760101221809855e-01,-4.198466547281837213e-01,-3.721700672750608563e-01,-2.541348807249771413e-01
-1.295289033247732369e-01,6.563363245715467809e-01,2.569520683985853649e-01,-3.527792896867269490e-01,3.266123025920207312e-01
4.603664390006609874e-01,1.161899490031457205e+00,-2.938035927022114024e-01,-4.111768402113968879e-01,1.389679888654282269e+00
6.214147850060569578e-01,1.775779343272525068e+00,3.566384268406959657e-01,5.125775235600709134e-01,1.079429068269003311e+00
5.064236026202587615e-01,1.475765766301935678e+00,-4.616379669908465821e-01,-1.326427777244841177e+00,1.469469894659928277e+00
1.319351061995408525e+00,9.116737897157140003e-01,1.278238763559755298e-02,-2.925054719736222553e-01,-5.854680529362134012e-01
2.655002532595221454e-01,-1.174286560370242372e-01,-6.615063875666906679e-01,5.321043622823310448e-01,-4.580020108326200989e-01
4.963786138665796654e-01,4.446691679558766319e-01,-4.814995396905017433e-01,-4.855352408082282828e-02,1.724363505339533975e-01
-1.111337932982438409e-01,-4.461863476174786625e-01,-7.607931242412024897e-02,-5.049410734707584503e-01,3.658480675696763051e-01
-1.043076339649055662e+00,-3.273881470931434556e+00,-1.278641092758041831e+00,-4.360615172324684430e-01,-1.175456221343334384e+00
-3.344528090883329141e-01,-2.012079230043956279e+00,-6.196825679462161229e-01,3.424664406047100429e-01,-9.559011654189603080e-02
1.908260782039948311e-01,3.047116915482530608e-01,-2.946743012220220947e-02,6.515951074059752601e-01,1.317369079294482992e+00
-1.881725092075946071e+00,-3.044324264431238269e+00,-3.034365759456287837e-01,-1.462772419682784264e+00,1.099821350755947474e-01
3.321355244333724088e-01,1.176190488619089924e-01,9.852913282156282593e-01,1.959741550447527514e+00,-5.887478226123598057e-01
3.875640827937831268e-01,6.086560072175897229e-01,3.090131268002897502e-01,2.913897467880504633e-01,-3.272614235531930427e-01
9.378249556948105026e-01,2.207172704240453864e+00,3.742585565905403588e-01,-8.906962924273623128e-02,-1.158164556362045738e+00
3.742138659922242816e-01,3.904417652960415763e-01,-5.553350550221098914e-01,-1.082815675998772820e+00,9.782656961915320304e-01
9.277997291348761832e-01,4.463994592176382947e-01,-8.482447754855596544e-01,-7.652390973515288408e-01,6.708371396616594762e-01
7.452224430146775491e-02,-1.297953737485851189e+00,-5.066561796847026677e-01,6.366060954462882115e-01,-1.493516112333905799e+00
-2.617195216995323870e-01,1.175258352765645276e+00,1.344577319931692383e+00,3.099186001831135129e-01,6.286110878955208925e-01
4.828498853441728356e-01,9.976664168201672123e-01,-6.694601477350710095e-01,-1.812440916119366419e+00,7.282905694037199451e-01
-7.281415195199871793e-01,-1.931481866046041995e+00,-1.965143961548779128e+00,-9.504935144011474879e-01,1.016518302502547710e+00
1.087861121908994200e+00,9.454165650863236570e-01,6.844928526045386263e-01,-2.744290214869268829e-01,-1.450807812189389479e+00
-8.305442987644178210e-01,-1.111142667789641880e-01,-3.752248110467069631e-01,-1.022310198637696788e+00,1.174225755672742455e+00
1.172627236093432890e+00,3.132640702632714991e+00,1.341379832097107538e+00,1.597363936996858191e+00,1.056482101874216983e+00
-3.818126773882105085e-01,-3.063929296977777605e-01,1.025410905833860742e+00,9.484016690119387860e-01,6.283475247606341851e-02
-3.199920343434814463e-01,-1.013487764688824511e+00,-3.092080284667818035e-01,-5.310519280823647881e-01,-2.389227183892731199e-01
-7.689146934890360718e-01,-1.339944915696352545e+00,-4.290898229724321444e-01,-1.565456763581645205e+00,-7.395477483373895655e-01
-1.231016785834977423e-01,-3.560602322951355037e-01,9.221046251102445190e-02,-2.379862233297409986e-03,-1.664063918729711489e+00
1.235436290780089208e-01,4.302075466395097747e-01,-2.610215777078831456e-01,-4.754600089552428743e-01,7.778860986939841737e-01
-1.106086613570853805e+00,-2.873003834689320080e+00,-7.105994271815774255e-02,-5.463215529767516676e-01,-2.397534324085504487e+00
-1.312889122441584622e+00,-3.443538878932138392e+00,-2.035482672687574102e+00,-1.208244424931736560e+00,-1.051644342240662944e-01
4.603136132817427055e-03,7.584294415642635068e-01,1.120904307658261434e-01,5.025118505182449846e-01,5.988636142052122802e-01
-1.113430607326251209e+00,-1.705652045070218392e+00,-4.335883699309162065e-01,-1.626404594592930908e-01,3.048465926889635733e-02
4.987097502904969115e-01,1.385323722437822092e+00,1.937230042552213760e-01,9.324797585481865436e-01,6.614917583185129235e-01
9.175979487302224902e-01,2.569661089618383798e+00,1.403952559607035466e+00,6.309692980926325800e-01,-8.694488189320560834e-02
-3.919994494042527422e-01,-1.612339268042712881e+00,-2.842153011952981423e-01,-5.132324284830097616e-01,-7.098762245793087677e-01
2.467131149606374585e+00,1.832256313800587622e+00,-6.231563211661264035e-01,1.295468367240632142e-03,-5.630657373221503725e-01
-6.376640799593939930e-03,-2.042821750835770001e+00,-8.544547524104426639e-01,-7.382748785220829557e-01,-1.010403725303425260e+00
-8.121060533309878426e-01,-4.296465532767013151e-02,2.949884191053673277e-01,-1.589056296584485245e-02,-2.565753689161456297e-01
1.440083443758170656e+00,-2.285599757020209677e-01,-8.740050029575311408e-01,-1.036283878525668500e+00,-7.838111890531949122e-01
3.668057985243152186e-01,9.041359644359627801e-01,2.380924539562320752e-01,4.918191710820419837e-01,8.760721844747834108e-01
-3.878042089066702225e-01,-2.220514797735653190e+00,-9.440908851011093894e-01,-2.086408151534590694e+00,-1.050051484211963482e+00
-2.885315625258591185e-02,9.417358592639507586e-01,1.934091802803466487e-01,1.934311082093242151e-01,-1.343944416377476914e-01
1.083573746172672880e+00,2.745789251071812043e+00,1.049534507047305665e+00,-1.522491401864274341e-01,3.253761380560150629e-01
1.248814404609368545e+00,1.325458236534170275e+00,1.551312345914436785e-01,5.581680794295318382e-01,2.190888873859280495e-01
-9.933684288574528773e-03,7.448001503628330910e-01,-5.437877834917376196e-01,-9.960683065240583112e-01,8.669403912475782681e-01
-8.063302771833570359e-01,-2.035919864281848124e+00,1.408999502095560630e-02,3.246083666668101581e-02,-1.329774763907650925e+00
-4.065599933322748272e-01,-3.843964795129597434e-01,5.146292280881357151e-01,4.617779172544405619e-01,-1.001207718297400184e+00
5.439400478007431206e-01,2.401421307909997194e-01,3.385413159818544404e-01,-1.963868370143177222e-01,-8.583962479661373379e-01
4.356568326145442843e-02,1.889634727277345938e+00,8.981984300735673665e-01,2.220268572733170159e-02,7.870955585769170426e-01
2.744825907925035335e-01,1.116342462838729288e+00,2.125812469686516604e-01,-1.421912340050530410e-01,-7.079091568075651653e-02
2.847263540304711960e-01,-7.418285577965629818e-01,-5.102033920280971691e-01,-5.001865686635182939e-01,-3.108190274045191104e-01
1.220942974448741669e+00,7.735262422930521131e-01,-9.859873233861859987e-01,-5.612526200057298409e-01,6.933114316201982597e-01
-2.444845922349661305e-01,-2.525049079218327996e+00,-1.910301143295055626e+00,-1.458705876014320335e+00,2.952190870201057415e-01
-8.855772564106939582e-02,-1.467027581616367760e-01,8.873400211427434625e-01,1.099194364070057439e-01,-1.369252935728921594e+00
-1.609111958337126946e+00,-1.879160354100708252e+00,2.489675697881630345e-01,-8.290377123164408002e-02,-5.674702845798205303e-02
-1.096829937964659274e-01,2.348833283640316072e+00,1.932340887414195185e+00,1.340910283714218831e+00,2.063106374153086675e-01
-1.343337495338560617e+00,4.702424373227620524e-02,3.528139393275009361e-03,-8.405751332496048667e-01,1.328661389606834442e+00
-5.845177725954342485e-01,9.546424443372254487e-01,9.566359482993200825e-01,1.351739789228172839e+00,4.634093650932649133e-01
6.017654127558928062e-02,1.174127583957525589e+00,9.588321445660685782e-01,9.384120707370073866e-01,2.796777307016404812e-01
-4.662270399497095985e-01,-2.229689290425294512e+00,-1.037624044953780134e+00,-2.171420211329766037e+00,2.246617645239286087e-01
-9.277805216198137250e-02,6.143271882765630743e-01,2.827632402598250216e-01,-1.359629135447883996e-01,-8.984122684332656039e-01
-1.724190089933989034e+00,-1.845862942702281018e+00,6.960367870886721153e-01,1.140551886195567688e+00,-1.356779934862734960e+00
-3.195143091567584914e-01,-8.832254586992255296e-01,2.311397926212534482e-01,-1.026746426387576960e-01,-8.664718951448828754e-01
1.313626686115243469e-01,1.518699660968952925e+00,5.304923657566257278e-02,5.912457548874752167e-01,1.174343615402249963e+00
8.191265757053459509e-03,3.656102085205193419e-01,3.960868775320467439e-01,8.195498766465797447e-01,-8.277785790553360279e-02
3.146971725124681485e-01,-3.800807994331937834e-01,1.613004310067938096e-01,-7.575806613737112727e-01,-1.469943243883659600e-01
-5.407948815488444749e-01,-1.988375680903787579e+00,2.202408580106244296e-01,3.261692184690040408e-01,-2.333665865212880330e+00
5.187551329982601489e-01,-1.366480626709261070e+00,-1.407876961731025167e+00,-1.873455718300676975e-01,-3.069360205079343373e-01
-4.296941376186959594e-01,5.375114673087334483e-01,6.850467787642392503e-01,1.087780699210275648e+00,-3.899653768639088081e-01
-2.065542480122230795e-01,-2.801627098469498200e+00,-1.973747960253545486e+00,-2.298862641363901282e+00,-1.058722821934588998e+00
7.654799293054019849e-01,1.864850279389579146e+00,6.431504046830476273e-01,-4.080790716964082243e-01,-7.403276269229301931e-01
1.106325543103387599e+00,9.970859463281273039e-02,-1.564601096040325601e+00,-1.108013791202546061e+00,5.753956049279432827e-01
6.542876316478013488e-01,1.031817795084276845e+00,2.495807991309946239e-01,-2.198537853264113107e-01,-2.601963691339361229e-01
-8.438460862770591486e-01,-2.429793742217324137e+00,3.680382576232821279e-01,2.954928236098501304e-01,-1.224544869396712254e+00
-2.422644611344862420e-01,-4.934335754033437049e-01,5.400508954276903584e-01,1.550675266826185839e-01,-4.145910005516336150e-01
-3.607092720587704582e-01,-9.341507139252060998e-01,2.297241064495984808e-01,-1.484850019348346040e-01,-1.802038033045905430e-01
8.095686722400984026e-02,2.951502343716016497e-01,9.328994592663927277e-01,7.260578819465682843e-01,-5.525578172170119151e-01
1.240994278886056623e+00,1.314650729752800284e+00,-9.033967939573586126e-01,-7.888246920330594936e-01,7.081487354685175872e-02
8.966967905805879324e-01,2.661881101432573615e+00,1.205869345329970477e+00,7.446633410910726836e-01,9.424511215235203965e-01
-9.034957037001869473e-01,1.021603923523094704e+00,1.625378132234571060e+00,4.486904152882678631e-03,3.859806852894615559e-01
2.794250701978536200e-01,-1.552722815645193544e+00,-1.053131878986065972e+00,-1.214197818641980176e+00,-1.723886097479327750e+00
2.149209878370208493e-01,-5.049499253304506885e-01,-4.936299532994835315e-02,1.417938405552658931e-01,-1.053906100084557762e+00
-4.890532090090271011e-01,-9.082463491970184100e-01,2.396854148419516606e-02,2.499783474456242494e-01,-3.957632179888020407e-01
-2.764747043597483578e-01,-6.107739602080922703e-01,-1.097683074447358242e+00,2.768867216321361027e-02,4.090352631338364797e-01
9.176234637893889712e-01,1.884794984816359875e+00,-7.211607372874591082e-01,-1.181321800007268497e+00,8.781968610925539043e-01
-9.554627627376315047e-02,-4.635196277724679681e-01,-7.788818122230960483e-01,-7.773739808648537364e-02,2.451842886090900286e-01
-9.583134049787259134e-02,7.441886703089852784e-01,1.501110198734418644e+00,1.826158197329791344e+00,-3.598388288480473540e-01
-3.230051013965435924e-01,1.517073493796961658e+00,1.399226349318417162e+00,1.685148634177519034e+00,8.676060468740931508e-01
-2.563666858668085524e+00,-3.605189070120467409e+00,-1.173056880258511070e+00,-9.011517748357247282e-01,1.487083965122324880e+00
1.129006022206428539e-01,-1.423019958362307769e+00,-3.701601131861176897e-01,-2.429899440040849123e-01,-1.076702106182645613e+00
7.285814826185613713e-01,-1.080393231567688073e+00,-1.250042215452120020e+00,-5.561511320632694932e-01,-4.016689387444909998e-01
1.594618832619454363e+00,-1.933342525910365373e-01,-1.342951972695552776e+00,-1.410454214441281051e+00,1.244153036678643520e-01
1.841755941038213384e+00,2.291571419452414216e-01,-2.123810828203962053e+00,-1.445962825249452077e+00,4.212062673296032567e-02
-7.157479700382095578e-01,-4.038585506312469819e-01,1.949855382497862610e-01,-2.072687901210970018e-01,2.506890681871037918e-01
3.239277746478449321e-02,2.411660039403738409e+00,1.303326280142304228e+00,1.044122577683986863e+00,8.802116887255073685e-01
-3.688948002292468109e-01,-1.470793430862139539e+00,2.276365529612778271e-02,7.599783997849521855e-01,1.537099654031794972e-02
2.660159685613172065e-01,-1.361477033507934253e+00,-7.733745692579130360e-01,1.058010950012304052e+00,-7.607877400509844845e-01
-7.739281952053566060e-01,-6.780413787008869875e-01,7.331330236987325666e-01,1.700774009264042208e+00,8.852920650127145130e-01
2.573512337381289594e-01,-3.619606252424974469e-01,-3.211032106592686675e-01,-7.021143934893053773e-01,2.104790441924380140e-01
5.429951536806282286e-01,-6.429885958767531662e-01,-8.001008774785409727e-01,-3.027122863913028761e-01,6.436610516551746208e-01
5.228224251344986140e-01,-2.428502293405135237e+00,-1.649691197724046932e+00,-1.542213090158139899e+00,-1.696799693138161702e+00
3.450585991565845445e-01,-6.536356245254654196e-01,-5.717039867674392761e-01,-4.126744612870708595e-01,-5.892482776412656387e-01
8.212611892533194791e-01,3.949720928497239214e+00,8.956517458859811764e-01,2.332575796985518479e-01,2.063547203946272557e+00
-1.258584878095014847e-01,2.985090868897361527e-01,6.146149198088640686e-01,9.403317009103608903e-01,-1.187910294401966604e+00
-2.862844573203103815e-01,-3.231053781136835834e+00,-1.465670159216278856e+00,-1.160069861871359409e+00,-1.531888744094468624e+00
-9.302311700760139759e-03,-5.165971459723575077e-01,-9.298072941734649710e-01,-7.280050894121423699e-01,-4.800557242654639872e-03
-1.886547499799969274e-01,7.432470958100013680e-01,-1.789413643736878501e-02,-3.153194927037349937e-01,8.366026432530024870e-01
3.283521604352723777e-01,-9.907923498743346213e-01,-5.443140691850631985e-01,-3.551246023236796501e-01,-1.127531642927654731e+00
8.425303422514678342e-01,-1.497574025453372260e+00,-1.734845893134153938e+00,-1.599626861116746124e+00,-2.348591886320910149e-01
-5.064164359823965234e-02,3.719666956977230043e-01,1.721410076225648456e-01,3.832697283252355369e-01,1.475998417136687446e-01
-1.280428692549609559e+00,-2.984673625080378923e+00,-5.137346085217600056e-01,-4.821824486809922483e-01,6.487123692450818060e-03
-1.238540794648481214e+00,-1.108388862947908837e+00,2.784743128642414578e-01,-4.858403671481561492e-01,6.224487190351809529e-01
3.550579106281545605e-01,1.577322399023630695e+00,-2.251444419387383933e-01,-7.643963731259804106e-01,1.682716171682771655e+00
4.893049052827479484e-01,1.546913096514241359e-01,-2.226319790532884646e-01,-2.814712126573328255e-01,2.857964791968560792e-01
4.354228731378312345e-01,4.333132682739077590e-01,-1.652733764251070325e-01,-6.972567886001542758e-01,-4.216170934348566213e-02
-1.976119419736143801e+00,-1.198699770362742001e+00,-1.238862363857694965e-01,-2.758794869708700026e-01,1.441437251229181760e+00
6.280898451880497779e-01,2.932424043754712439e+00,1.169380114743180377e+00,1.008268282979019270e+00,1.105601796077444465e+00
2.133774813746598387e+00,2.063026905194600857e+00,1.322736062424764714e-01,-1.929893598571114921e-01,-3.793613896220273674e-01
1.435509460100595214e-02,6.027722250823286387e-01,4.515809694743752045e-01,2.560077756524926085e-01,9.056865612003198174e-02
-1.382802987053876054e-01,1.943045938886296398e-01,-1.096075142920128753e-01,-9.899013669945493088e-02,4.020270716432401970e-01
8.888925421368772950e-01,2.273408572662418248e+00,-7.619935509886530678e-01,-1.452590943620239550e+00,1.217264809475791187e+00
-5.211664338838886135e-01,-1.879501611612980350e+00,-1.450723138879847607e+00,-1.836047496357157582e+00,7.758589162080632429e-01
-7.732197277375568722e-01,-1.707331072787008353e-01,6.214046086117285261e-01,3.708510085459498784e-01,-1.075586652749956212e-01
9.468185909975288528e-01,-4.641890236325003638e-01,-8.693360057341821268e-01,-8.144921445903076096e-01,4.430344069711539268e-01
-6.895276749353816959e-01,-2.472700119494195548e+00,1.050360758787066695e-02,-3.290810081799426245e-01,-7.789291445616353116e-01
5.536675579569324546e-01,1.510197651345132619e-02,-2.713396105592547625e-01,-7.751326467856953784e-01,-2.256911755677918074e-01
-3.756854565899942489e-01,-8.656382691656823170e-01,-1.268230053989966466e+00,-1.318964890094088238e+00,8.130555066609029824e-01
-2.026541723007716511e-01,-7.221130856364307293e-01,7.307536426192096091e-02,1.130330276531183342e+00,-1.444590794157329383e-01
-6.592478538474824123e-01,3.828142013209054895e-01,8.320468193270695867e-01,2.400766141882849425e+00,3.857998119781750890e-01
4.150833902344622794e-01,1.667755091191579719e+00,9.553011448245661841e-01,1.155485477036586994e+00,9.271301106557152671e-01
-1.311887022495860679e-02,-2.984202732377730705e+00,-1.881109443563914851e+00,-1.253953384776248514e+00,-4.765633799906809909e-01
-9.091807572533865123e-02,-2.792310150285327031e-01,-6.652693286707108689e-01,-5.279021087021550374e-01,1.481017228229005944e+00
-3.076307094041372259e-01,-6.504319635319378845e-01,3.832023225961115886e-01,2.006349406417878845e-01,-1.687630420890572580e+00
-4.108233658100548524e-01,-2.094266354354775039e+00,-5.318177763373568290e-01,-1.165062986769897169e+00,-7.077325335453810151e-01
8.704604661161684520e-01,1.970942597970518184e+00,3.967963005923857978e-02,-2.976124838944283479e-01,9.275770279275720176e-01
6.589811471283829603e-01,1.670838861878668480e+00,5.569614242131823989e-01,1.699734458339419441e-01,8.834955316263555236e-01
7.728781963437564295e-01,1.825788961662289989e+00,1.821372452480148230e+00,1.607262207379222874e+00,-6.051607531960604414e-01
-8.572584355377570464e-01,-3.314389659103929464e+00,-8.834295038661792443e-01,-1.574574022951619634e+00,-1.449823713033767003e+00
3.532312667560388308e-01,1.326986405459809504e+00,1.327299370456839767e-01,-1.648674777906317807e-02,5.705871030318621084e-01
-1.254075591667657585e+00,-3.330348584691463110e+00,-1.234640620853450166e+00,-1.168413656468552997e+00,2.406282181938979858e-01
1.220108103415029621e+00,-1.401959562467731235e+00,-1.587456622554209273e+00,-2.199796254072369006e+00,-7.349116095959967732e-01
1.398926197723549425e+00,2.203252176561730113e+00,3.405382274352813932e-01,5.001178546633233690e-01,1.845222542239584040e-01
1.096604061805501518e+00,4.483736680487925286e-01,-1.658466542633955987e+00,-1.874404676026142580e+00,7.052600784202690543e-01
3.980275278586630217e-01,-1.060352403226515694e+00,-1.173812990705264347e+00,-4.220668016882647700e-01,-1.020863164369180565e+00
4.639345565685126238e-01,1.555165974408903473e+00,7.278248181710817999e-01,6.109677770948314102e-01,-1.257157759736546421e+00
-9.919404860811704971e-02,8.245113597561521956e-01,6.543173969653104383e-01,5.810458288484078582e-02,2.843600317653806053e-01
-6.004986037860450265e-01,-1.435962598564654247e+00,-6.340768698000013304e-01,-3.764115826894146588e-01,5.935741561111472775e-01
6.973943477477800856e-01,4.667473316689767060e+00,1.133833959063859975e+00,8.947109758471751828e-01,2.189756227648023579e+00
8.153180896249141441e-01,1.630978099685709837e-01,-6.523217596070656210e-01,-5.248542916601725006e-01,-3.680435687856293270e-01
-3.093719316360025173e-01,-1.507920788432357995e+00,-1.332512260129417481e+00,-7.212659202124325208e-01,1.298196911348399984e+00
-1.055096928638974862e+00,4.318100102461499556e-01,1.287723321207738802e+00,1.134488922023187518e+00,3.508924065914145185e-01
-4.126415054663195026e-01,-3.788172252506977200e-01,7.419623144174851415e-02,2.703720885915391128e-02,3.443963225008592199e-01
-3.185472418064998479e-01,-3.661948336208413757e-01,-2.905178211229105245e-01,-8.046072140762271507e-01,5.270332860064040892e-01
-5.365585277111298845e-01,-1.691039753000681545e-01,-7.826002366096227458e-01,-1.179449712237050196e+00,7.652848205675840676e-01
-1.433315559882222034e+00,-2.134704585581598035e+00,-5.353812046185042473e-01,-5.619612112153042904e-01,-3.483592480713131878e-01
-1.159062726462659620e+00,-1.213784627127497684e+00,4.317715436250615935e-01,9.181707808983414765e-01,1.314191204216790532e-01
-8.907532266776121282e-03,-2.467679996793319841e+00,-9.855513933039803387e-01,-5.728350607262900906e-01,1.083201043274582970e-01
1.397011390904664196e+00,1.094762241378377743e+00,6.972902808510723638e-01,5.312756241439810928e-02,-1.428079354751977226e+00
-1.146607830108785198e+00,3.182633277269067418e-01,1.208593528529109395e+00,1.273994262199539707e+00,1.376894344324304909e+00
8.412385216632449481e-02,3.188294768088431042e+00,1.693782517768690266e+00,1.259532973150504498e+00,2.777424097868310127e-01
-2.894942074060257164e-01,-1.733127242401438117e+00,-3.889398520673565951e-01,-1.340663347868000344e+00,-1.015161089822802287e+00
2.116495152792761680e-01,1.034392057564622158e+00,6.329720311196802562e-01,1.078146013512732537e+00,4.225703034645739709e-01
1.539000681135693771e-02,-3.700918592815523933e+00,-2.902368590181971797e+00,-2.421904836633860469e+00,-1.297631902818024985e+00
8.183542738282406637e-01,3.889204019611071095e-01,-1.065391834655509573e+00,4.864256653733893820e-01,-6.409290778607154015e-01
1.223486414436145966e-03,-5.320653793629886996e-01,-8.255777977771554532e-01,-1.334956757440043607e+00,-8.710567723069191637e-02
-5.571681510717960695e-01,-1.359803730618487583e+00,-5.622009373228693541e-01,-7.327374689799657226e-01,8.069406989921665829e-01
1.190051471343374218e-01,6.824318684221000741e-02,-7.385004795688170365e-01,-5.853736718001955053e-01,8.152913571682703919e-01
4.615779196899143927e-02,-7.386607437929366693e-01,-8.673023223070768228e-01,-7.027722119331468731e-01,1.351065373996772068e-01
6.085209167402593211e-01,8.178649464800840097e-01,4.867378733224904108e-01,-9.794095016636349127e-02,1.958601776790028504e-01
4.043272885574577535e-01,-1.018426556457383114e+00,-1.155680818932527387e+00,-4.923843877990097262e-01,-1.857781851762658198e-01
4.188738028888759346e-01,2.297556374483409325e+00,1.188707845556220555e+00,1.612601469675941424e+00,9.816799404948800545e-01
-1.459331659395334338e-02,-1.014339743163114038e+00,-9.602721659972411894e-01,-3.204476691547861744e-01,3.344280235926602729e-01
-1.693157631219001924e-01,-1.339222398641122247e-01,-6.750865819038389670e-01,-1.040804208106264950e+00,2.784312738350737670e-01
-2.403347460344059383e-01,2.340848653202874385e-01,7.230463606245725039e-01,7.081060613535475334e-02,-6.442754497815797454e-02
1.205679917820974278e-01,-8.596133016737186328e-01,-1.294557182137435203e-01,-7.389822730407828999e-01,-2.286342412717438932e-01
8.953193102035237327e-01,1.075561054653336512e+00,-2.475780183284806424e-01,-8.740646248228162163e-02,7.822597768048450417e-01
1.118330501921078968e+00,1.789974586900899833e+00,-1.480265013082488479e-01,-5.346381799313043581e-01,3.134614941646284847e-01
-4.892368484140531826e-01,-1.440872193893630859e+00,5.039578082920790347e-01,-4.394091090926281057e-02,-1.403142433574422476e-01
-1.724390757483980074e-01,-8.055038440718373938e-01,1.498322989046152465e-01,2.504491464659843736e-01,-1.190473142919834970e+00
-4.074291012631680448e-02,-1.798515958653985614e+00,-9.967166866779860745e-01,7.496647837655819879e-01,3.411929319514558911e-01
1.385900964051135720e+00,4.442523872159325649e+00,2.171471176064264874e+00,1.183044118079795481e+00,7.699931589694015699e-01
-6.753532309341407913e-01,-9.101383519793466714e-01,1.764567473682722709e-01,5.872085970698961432e-01,-9.686182834203524994e-01
5.290743414612607970e-02,-7.319029276901640735e-01,2.781667521297115364e-02,-1.694452680386477894e-01,-1.932776286941559230e+00
-1.806042627512542742e+00,-2.977308804568636891e+00,-7.428664344799731367e-01,-5.977169125235196612e-01,2.723170842246856460e-01
2.626110984275960014e-01,-2.028691717698992480e+00,-1.845643305306880588e+00,-1.098259626211091522e+00,-3.794323027333754150e-02
-7.249119958068583891e-01,-5.469828850469323767e-01,8.272240277048649171e-01,1.276976518218542633e+00,8.145350461487656235e-02
-1.756327097495397060e-02,-4.264890732755816094e-01,-8.383439394944640632e-01,-4.793236087232961018e-01,4.544992214648538864e-01
6.960959351598823286e-01,1.637749153868406360e+00,-2.203158623173706032e-01,-4.042513869224766965e-01,1.098667291672041690e+00
-1.056256300387308444e+00,-9.701757538511133205e-01,6.676614989044943327e-02,9.474305901118482143e-02,-8.198757652647422622e-01
-1.788326987860391126e+00,-4.271426623899284292e-01,1.948786942829269453e+00,6.754516085995365682e-01,-5.155483925081472130e-01
2.987426627073553331e-01,1.466542413191274763e+00,2.160426986961687668e+00,1.377081396132458613e+00,-1.231053267408103391e+00
-4.978515638320886727e-01,-1.809621931629112002e+00,-1.636131356432685147e-01,4.426946625078744812e-01,3.306644593734641147e-01
3.860608051222674253e-01,-9.769177718520569709e-01,-1.345714895594401828e+00,-1.201488611828673614e+00,-1.881923903638786089e-01
1.133171442037816279e+00,1.154811881462530110e+00,3.516326888293231367e-01,4.355878793141908512e-01,-4.892167652793512622e-01
-7.722370828412744581e-01,-3.258027149421917734e+00,-1.488726277027540013e+00,-2.666781156003129039e-01,6.866478193407980768e-02
-1.020306557060418617e+00,-2.160019931448139641e+00,-1.142918930606160455e-01,-6.207478722412680394e-01,-1.642843610814209265e+00
-6.862145009540033813e-01,6.582003845634769590e-01,6.265848844542127871e-01,8.747873156153502805e-01,2.811696381348769980e-01
-1.352901396900702879e+00,-1.865579582172037787e+00,-4.138260716766904435e-01,-2.231892980728975573e-01,4.015751915912674219e-01
-6.453934768597323623e-01,-6.409984811141566929e-01,-5.634915503109245716e-01,-1.039582545437613137e-01,9.177661993185846079e-01
8.085206931507492589e-01,2.475089894361687914e+00,8.094287986270356505e-01,6.605963155090603944e-01,1.383163054823297600e+00
-6.548553564909119773e-01,4.812148676639756983e-01,1.010974563533152182e+00,3.713635366897427015e-01,5.398124301193590879e-01
-1.176473274264327795e+00,-2.001722386018257360e+00,9.515481605851378033e-02,4.556071271176028725e-01,-6.091350187096854496e-01
2.858738591265895801e-01,9.448482311890749052e-01,1.612344496783085779e-02,1.758836934682428410e-01,-4.284989110214428298e-01
3.890056097137685187e-01,-3.895752135020865703e-01,-1.887463738279409720e+00,-5.925121772148224109e-01,1.125982388732862383e+00
-1.638364493835094970e+00,-3.046621068682488609e+00,-3.234901856819861199e-01,-5.683364155560438613e-01,-1.733473389498096706e+00
4.531146055953288315e-02,1.341632499249418853e-01,-3.284712211951809069e-01,-1.890364057453333690e-01,4.843601470026326350e-01
-4.106448153506529475e-01,1.129173491257942530e+00,6.220071402705489305e-01,-5.984082813448507454e-02,1.201559051218194230e-01
2.888409144659513372e-01,1.547735341922410912e+00,1.122449900296077274e+00,8.093620264140083398e-01,-1.042533844850978414e-01
