8.730436964771791652e-01,-7.493844534688516301e-01,6.614086308578479567e-01,3.038049880671385594e+00,1.201540772720100403e+00
1.881380283088900374e-01,1.293175742265696704e-01,4.912277468846091288e-01,8.671817680776994219e-01,5.123344821268283056e-01
-1.932166460238074368e+00,9.025545223302793019e-02,-2.410178859578749666e+00,-7.339968305778200808e+00,-1.997401003942342435e+00
6.944228417767465134e-01,-5.280995315571201942e-01,5.621510318691280705e-02,-6.952673477121750212e-01,6.608411741888812196e-01
5.490292303155351883e-01,-1.481543160807285098e+00,1.056521019962408880e+00,3.209622689827419162e+00,-9.925769810538114246e-01
1.121722932641594284e+00,-1.082910277956434242e-01,1.186433397764039333e+00,2.274331483495821704e+00,2.766046949281673051e-01
-9.325883361875018096e-01,8.895708160273285703e-02,-3.935186158746721841e-01,-1.189782125737669505e+00,-3.493935228893351175e-01
2.777274609489041701e+00,-3.057523292269127557e-01,3.911937129801687174e+00,1.004226792654264955e+01,4.277250571666606049e+00
-1.357769081367172781e+00,-7.379120086397027434e-01,-7.964861850154572043e-01,2.271475053017729451e+00,-1.646582667717936044e+00
8.009134873458235715e-01,-8.304192620451825713e-01,8.150737510870533775e-01,1.464841538881588079e+00,8.511115887740979824e-01
5.063070872341803030e-02,-3.749838779524626853e-01,-1.095690985523649907e-01,3.538020258159935594e+00,7.025948277550213561e-01
-5.366935221477054929e-01,1.054978550053286002e+00,-5.506498176708083392e-01,-4.788957858247295363e+00,8.584224967714302323e-01
8.991656697288914479e-01,1.181875767208410422e-01,1.891670148315948374e+00,-9.255854793130908753e-01,1.567491005498844236e+00
-3.100628224845065062e-01,-1.263725785125738410e+00,-7.390814287406799465e-02,1.338681410655435000e+00,-1.944393828915799149e-01
-2.573247991154422820e+00,4.979458337105964194e-01,-4.301344266332400856e+00,-7.510626972186454253e+00,-2.253600160249908946e+00
-1.286037362256127414e+00,-3.466920127461152745e-01,-1.652529460176605403e+00,-1.799961513611532116e+00,-2.270691235423783816e+00
5.042202049941323372e-01,1.810523443043981828e+00,7.063456022332251782e-01,2.178710481419478207e+00,2.282807499072812440e+00
2.465656238964959002e+00,-2.425267595989880620e-01,3.119552660702860525e+00,5.312942639577628690e+00,2.132755801386678307e+00
-1.631962516533062013e+00,-4.614682172435698171e-02,-2.644463671866182697e+00,-3.061993737518641900e+00,-4.037512783107391812e+00
-1.866933439791043300e-02,1.502954991161385423e-01,1.061235746704429550e+00,1.587668357801003349e+00,6.382845888161908787e-01
1.598331178054690493e+00,2.220581849389799689e-01,1.952400620156797384e+00,5.807386473341198396e-01,1.802706900468081352e+00
6.686133070087133534e-01,4.014186209837202618e-02,3.921855821431207145e-01,1.335966783336350883e+00,2.536723447412704946e+00
-4.138365097438107543e-01,3.990287620396237855e-02,-1.721334417593479715e-01,-1.344599870826906352e-01,-1.573681594280684770e+00
-1.566591156466428325e+00,-1.699709507272467168e-01,-2.070363556209638745e+00,-1.399889559144136264e-01,-1.273739158674487060e+00
-1.962365635754496074e+00,-4.282467726587958490e-01,-2.742321843378958679e+00,-6.810678339430861428e+00,-2.924543894502353414e+00
-8.239977240829071681e-01,-2.894247494973952173e-01,-6.457849632540325624e-01,-1.307819255986340190e+00,-9.657912783130140344e-01
-4.058915176372235312e-01,-9.167948305724406000e-01,-2.535708490015609051e-01,-1.379402757134185364e+00,-1.933980020285859691e+00
-2.477943412751314689e+00,-4.088310932186591806e-01,-3.178022260972706015e+00,-5.812229693720706969e+00,-1.301567173817403500e+00
-1.865989543955465235e+00,-5.136067032118372122e-01,-1.963136361352141535e+00,-5.298127818362123875e-01,-2.880039906054721932e+00
3.345416609679456865e-01,-3.357326125371346559e-01,6.358723361566089860e-01,1.720555817985804925e+00,1.993952690451696874e+00
-4.506032195862653134e-01,-3.446400333737728583e-01,-1.002556113265559601e+00,-2.413031903015668611e+00,-8.226795448313427572e-01
-8.316270566665133757e-01,-1.098831746159332073e-01,-1.367496491685946447e+00,-1.950011739699649915e+00,-2.160697641758875243e+00
-4.489801661425006918e-01,3.501797888850424756e-01,-9.406526886332948756e-01,-1.704190012123585340e-02,-1.081152736216987043e+00
-8.953012064402029457e-01,-2.395387052130903693e-01,-1.099199836696776345e+00,-3.821060051526195878e+00,-1.313941869526842332e-01
1.021881709351797785e+00,7.028115698254516763e-02,7.330475104358757932e-01,1.079584014996744168e+00,8.389674138084353139e-01
1.806802997232446861e+00,2.091991598174068046e-01,1.341869339338363165e+00,5.750793438929331813e+00,2.476410259103199341e+00
2.284585178000346772e+00,-2.434315916072636587e-01,3.192542953940339157e+00,7.066028497869722536e+00,3.976085280714488412e+00
7.820126959175213166e-01,-1.122179733713907918e-01,2.428123796196930417e-01,7.282740153873820121e-01,1.864562875691787358e+00
8.231678989077232389e-01,2.750736735878158701e-01,-8.343749733803984547e-02,-4.643671489235787209e-01,3.170209701569597360e-01
1.611950817626399024e+00,-1.315044347995193430e+00,2.446087554973984890e+00,3.797554622959673942e+00,1.113809023994896563e+00
1.915318601174063939e+00,5.087485354406289240e-01,2.188327107889858070e+00,1.044991482435206009e+00,4.038650924927189578e+00
1.614274833231994499e+00,-3.656411440863701623e-01,2.525649520711671592e+00,5.964207710855172095e+00,1.392844752678617182e+00
1.335621122415328932e+00,-2.856417443065739192e+00,1.504225609701481003e+00,3.381616011090414986e+00,1.035200910281178110e+00
-6.992220465981030531e-01,4.132187076898010125e-01,-1.658118068228993103e+00,-2.253106033994956903e+00,-4.924232164663090994e-01
-1.762451833884461916e+00,-9.299029646643910407e-01,-3.193988319917314911e+00,-7.557426423645421387e+00,-3.794062356040575068e+00
9.663943416074122217e-01,6.901815103298060139e-01,1.007023934069634530e+00,5.342542307876960717e-01,1.849467492237196531e+00
-1.033789622403065156e-01,-7.622261280698904296e-01,-3.120096210282971017e-01,5.145264150223562982e-01,-1.042078163509731148e+00
-6.133500590359625831e-02,-1.630352681119909830e-01,-5.963766799464942370e-01,-2.942318949846017273e-01,-5.722329565818369546e-02
-9.799104019412354649e-01,5.156378321164575285e-01,-1.520668175043295101e+00,-3.462353758464284503e+00,-1.656207696670761287e+00
-1.433310255815334999e+00,-6.163339137219686625e-01,-2.923903865019108927e+00,-3.612158194854667492e+00,-1.590360084043148881e+00
1.544823056023585606e+00,-7.705021611359261779e-01,2.130716566937760348e+00,5.421027880103785890e+00,1.511514081687860500e+00
5.124203700383379578e-01,-8.833983519138007001e-02,-4.117569656350162921e-01,-1.446843459879274318e+00,1.389484880942356337e+00
-1.173389040881247958e+00,1.060585492665005791e+00,-1.732132739651867537e+00,-3.915429035103954902e+00,-1.875730724328205756e+00
4.301420017350159331e-01,8.511838463984913172e-01,1.024440211055710259e+00,-8.670976456103263175e-02,8.399917973021405748e-01
3.366919345331859659e-01,1.084116483261960528e+00,1.141535880216369536e+00,-5.402132303187978657e-01,1.907159062993818655e+00
5.749424588346958576e-01,2.977822747961967886e-01,1.855873316971843767e+00,4.178071616059068738e+00,1.948189634671843251e+00
2.460483792213589371e+00,3.779550660936507045e-01,2.411393423992333140e+00,5.560480341306088370e+00,4.200396538481907527e+00
-3.823269310120652742e-02,8.284705011879542891e-01,4.193666844956846496e-01,1.133017930259843986e+00,1.121736053565902891e+00
-1.409812048196339651e+00,4.400873024712676496e-01,-1.186050060395950512e+00,-4.600782646254874209e+00,-2.191953531399640109e+00
4.026048992835164209e-02,-6.230815361802004571e-01,6.651361391768608744e-01,-1.119018829284439853e+00,1.046534271051720588e-01
-7.121169062362990854e-01,6.057930430389825149e-01,-1.556019873258443820e+00,-2.522841148055823268e+00,-3.520421965969244837e-02
6.043791300222695062e-01,-3.819293561878008836e-01,1.086182295696336952e+00,9.639711947867236619e-01,7.943258028715503016e-01
2.319630460587845944e-01,-6.346306250143688432e-01,1.475415728277362559e+00,2.207515286204879690e+00,5.715704502770402318e-01
3.817548394814545554e-01,1.073709748877309939e-01,-4.068912561084911950e-01,-1.571400532342777989e+00,1.663733582043649406e-01
-6.247429556192559685e-01,-6.171143401253719601e-02,-5.617899902728897832e-01,1.265732125437375455e-01,-1.448779552353203215e-01
4.557664913928057837e-01,6.754844813391976954e-01,1.317733770619226918e+00,5.321654977593322400e+00,7.074960417603057827e-01
-5.621695085645532775e-01,2.155852158528940299e-01,-1.205333393153166455e+00,1.050723515194745605e+00,-1.323293837361860348e+00
5.698853228265414739e-01,-3.309363426934252006e-01,1.145265996526707131e+00,4.825301541653321813e+00,-7.181822026381050605e-01
-3.316293909382383998e-01,-4.651452793073709152e-02,-1.121493439382143631e+00,-1.473876203440023680e+00,5.048872147847550673e-01
-1.232193104543741979e+00,-4.400369034863451101e-01,-2.197469933180591362e+00,-1.795171604381438080e+00,-2.823095832939354288e+00
5.492434183977010775e-01,-2.505273954881348519e-01,2.461775149168705656e-01,-4.521995374600662476e-02,-3.140928980731453324e-01
-7.779318621233047848e-01,9.800240661558000665e-01,-9.488319002523408763e-01,4.736248855296465443e-02,-1.827491798144420976e+00
1.590781570634128395e+00,3.201176446703654088e-01,2.128241888927883796e+00,2.966968969584280469e+00,3.943024297217188057e+00
4.880226320101560544e-01,-2.890113458035015181e-01,1.263660804632586787e+00,9.652269903868898604e-01,2.092513479874563487e+00
5.152895443961631461e-01,-2.478238982882610963e-01,1.229227681190036003e-01,-7.242499076659953960e-01,-1.596208653489635809e-01
1.116556093578552483e-01,-4.591617145232514963e-01,7.170637757201049622e-02,1.478844014796014017e+00,-1.663769384288301012e+00
-6.539045156854517149e-02,-1.452557713855504029e-01,5.079164417200633386e-01,1.105814480554130563e+00,-8.250292192487742593e-01
-2.629520379174659972e+00,-1.150537988415694324e+00,-3.262694516849550919e+00,-5.415080279653188278e+00,-4.498080470977083856e+00
1.346514192551783839e+00,4.736353026470865313e-01,1.025503413917965290e+00,5.606311031009614254e-03,1.540112900498239901e+00
-8.967194175570208925e-01,-2.088721051531362560e-01,-8.178683845799459284e-01,-1.333697942042840534e+00,-9.266181538936919537e-01
1.053551941267704573e+00,5.360225116248376054e-01,1.149435126080031067e+00,-5.991504885514573608e-01,7.291083322901688035e-01
-7.034726210096335919e-01,7.441175943013846883e-01,-7.264851987126189625e-01,1.420057956083784934e+00,-6.218145478456136299e-01
-1.576880997663111794e-01,2.438912301280822537e-01,-2.957026174914875738e-02,-3.876130272862662318e-01,2.569596607016491063e-01
-2.469989067285504325e-01,-7.853992293508358369e-01,4.190996516787896531e-01,7.243487031082567196e-01,-4.187573213780672599e-01
-1.144151748571552218e+00,-9.463315962335524523e-01,-1.498919126099368837e+00,-2.805252180285735975e+00,-1.653227640236651252e+00
-1.891787274794710649e-01,6.368959781496928985e-01,-1.412767526974897603e+00,-4.859166571138558766e+00,-4.216347362686201361e-01
5.248096375821474924e-01,6.474712117215480900e-01,-1.311726079382526944e-01,-2.403187012261867039e+00,8.425014199990807917e-01
-4.563167634189919109e-01,-1.066710416854843357e+00,-1.719894829711529627e-01,-5.651206664161042559e-01,-5.343757710073792078e-01
-1.392691185802160447e+00,-7.318067423494157842e-01,-2.073418594555526351e+00,-6.710082202388703010e-01,-3.289716686139120050e+00
-6.315345081914595093e-01,8.447074939363032886e-01,-1.596208079078679232e-01,-2.711696110328518650e+00,4.414547811379313513e-01
2.752337303005995550e-01,5.735515981972440225e-02,5.480748480334892703e-01,-4.690118804515397422e-01,-7.146490083707435215e-03
1.263918424418015718e+00,1.571904837976844993e+00,1.270033681725484476e+00,2.312747295287826965e+00,3.224807995852049025e+00
9.209928971345309190e-01,4.001010209536078888e-01,1.938103706144041372e+00,-1.722938551201473878e-01,-1.707622235646859554e-01
3.166440926411259182e-01,7.189796587055926613e-01,-6.725932680597029867e-02,-3.073337802859862133e+00,1.146470763094340262e+00
-1.096888268985143355e+00,-6.515235635546313964e-02,-2.783101304465749770e+00,-4.943731476348397713e+00,-1.915456210345304555e+00
9.991564043831547837e-01,-3.472111274240333723e-01,2.655814292058919612e+00,3.861673612174461923e+00,2.008012146400080411e+00
2.667394558369605775e-02,-1.122312992313298174e+00,-1.151723879947735840e+00,-2.147549336056980174e+00,-6.544242867570932987e-01
-2.643974770101730765e-01,-2.095292832773115954e+00,3.267518257369117496e-02,2.757381370291198230e+00,-2.313941884348399203e+00
1.002705215074227496e+00,8.635999062322712305e-01,1.961048154032413393e+00,2.778460074218550346e+00,2.441583736377771263e+00
6.807042774159204335e-01,6.146735890962451432e-01,1.026364450330489841e+00,2.396811674611366350e+00,4.540980812109338682e-01
5.504491849632476841e-01,-3.903265640314107499e-01,-2.909577285422012549e-01,3.009326809144905468e+00,-5.207579534194759496e-01
-1.268702359820783165e+00,8.146926137167040949e-01,-1.111201373367224576e+00,1.001203479981596534e+00,-2.073592458856022613e+00
-6.726303408449317844e-01,-1.135568910258748287e+00,-1.820354559096152069e+00,-5.691318442949723888e+00,-2.231922815257675552e+00
-1.877238713365977363e+00,1.218431284672665260e+00,-3.413902407629627156e+00,-6.172000236252877414e+00,-2.459667968613841182e+00
2.142194371288251853e-01,3.656115401106578844e-01,6.928164844894946217e-02,2.415712384728152085e+00,-1.702759373857103964e-01
3.111451317316709167e-02,1.298023395826900739e+00,5.331309654377598406e-01,-1.915719737245446197e+00,1.451737769639338538e+00
1.027439214684295221e+00,-1.309077460623745193e+00,1.597766106884715986e+00,9.130075759703959459e-01,1.437676081927335092e+00
2.336166065794309243e-01,1.105190686326205762e+00,8.250998418857520278e-01,-1.267974540190283550e+00,1.900152174986909026e+00
-4.053792499241187786e-01,7.187498402380002593e-01,-8.326767237717738190e-01,-3.863048636941578629e+00,1.488460217603716496e+00
2.326311240191915708e+00,2.627659649830535460e-01,3.087937710122186985e+00,3.214660373851282227e+00,3.544864055215565912e+00
-1.134322304248639224e+00,-6.724785198353683269e-01,-2.265135022322419367e+00,-3.217815067590219513e+00,-1.912971694672209289e+00
-1.472233471399018612e+00,2.746611828435843727e-01,-2.219077965145575426e+00,-1.324732118013683735e+00,-2.837409520092034843e+00
-6.726864823797947812e-01,2.034264758205254209e-01,-5.550011499427369710e-01,1.749868849368701795e+00,-1.156646559438235133e+00
5.780766581183857111e-01,-4.714218169499956868e-01,6.074743802429722894e-01,1.153846588677463592e+00,4.842194172765152405e-01
-3.848467351614032195e-01,-1.061259352966038350e+00,-2.328556155111765613e-01,-4.252223192848108901e+00,8.119352231637111394e-02
-4.855791949984084033e-01,-8.271662651673827860e-01,-1.023447182724958715e+00,-1.693444907072307659e+00,-1.607450633430206999e+00
-1.235367404364582811e+00,-4.107875319148791005e-01,-2.065118069523131261e+00,-4.007893381198702976e+00,-4.085818077175624730e-01
1.622691956398721436e+00,8.800472466457402998e-01,2.253013138449611930e+00,4.518975992188002166e+00,3.864421308433534374e+00
-6.867941306130682655e-01,9.188393446912274110e-01,-1.064466580026304010e+00,-2.011142276057639844e+00,-6.162003947482238564e-01
-1.190652571712346619e+00,1.308833577894376932e+00,-1.266853046775800573e+00,-5.732953565092388182e+00,-1.140520936520347917e+00
-1.349963046473407757e-01,3.795010330507609941e-01,-7.452322718266404800e-02,5.977279348832295058e-01,3.440979954473907809e-02
-8.899228802184016018e-01,-1.118908929908006611e+00,-1.398666564072730267e-01,-4.650517415570412538e+00,-2.392220069358171219e+00
-2.562164946384690722e-01,-5.751952751307591871e-01,-4.884062439099494668e-01,-2.073130953679819921e+00,-1.572898870210108768e+00
1.470988535388525031e+00,-8.932851203405141050e-01,1.878962878861626384e+00,3.879478967751186058e+00,9.209126976138806153e-01
-4.918792352413440816e-01,-1.994519513798551358e-01,-1.322453715901672044e+00,-1.301736046922849610e+00,-3.159555464450211626e-01
-5.485418518445744213e-02,1.065719377937281775e+00,-6.117197070437300349e-02,2.848010596943329364e+00,-1.475658433756779742e+00
-4.060405258745941048e-01,-1.385395761070804532e-01,-1.329938323838184555e-01,-4.880316710058909102e+00,6.829937967450128156e-03
-2.112471526506821407e-01,-3.333279799834296675e-01,-7.505476805636863702e-01,-4.285210012851596861e-01,9.525277017121361878e-01
9.030741573022905699e-01,4.095271904244114358e-01,1.209415758284580589e+00,3.388992184850023737e+00,2.417534058121642904e+00
5.857221408024557707e-01,5.676586240299335007e-01,1.251342502278586011e+00,1.318552468444487591e+00,2.456033961633124818e+00
-3.763709505502226271e-01,7.482839237407505895e-01,-5.958479760221546684e-01,2.166906796195574580e-01,-1.364516059375605606e+00
-1.025610297865891196e+00,-7.239465191241332143e-01,-1.731472196935572416e+00,-4.893723830422338494e+00,-2.605406068110666773e+00
-1.478722316323946573e-01,-6.797748538397594409e-01,4.021071196159171079e-01,1.639460443722624561e+00,8.184015287519963433e-01
9.173016894049286218e-01,-3.527552907150706685e-01,1.320188825576296798e+00,3.250932747295178338e+00,1.315643016982352087e+00
-1.911879058093475178e-02,5.751759987570307375e-01,2.203784261336146355e-01,-1.588198821125047289e+00,1.370233185240537166e+00
-1.406461697911565445e-01,1.496216983024120095e-01,5.353611968055163040e-01,-6.837965134838499548e-01,8.023106199298742081e-02
-1.991854066322432892e+00,-7.518503409011395577e-01,-2.023360648520941218e+00,-4.169612130145650575e+00,-2.391673393934571568e+00
1.095095383194885530e+00,1.468269047536393757e+00,1.288098299527086654e+00,1.077891216451493994e+00,1.296333532142139644e+00
-1.642836312839283552e+00,-4.205430278007318279e-01,-2.583102019569976981e+00,-2.310658023915838299e+00,-2.764825799408165530e+00
-1.412549098458095953e+00,-9.582295496249006173e-02,-1.763215226026277227e+00,-2.780570732270547296e+00,-1.042107521750067711e+00
-4.139318826409776886e-01,-7.475660830371520793e-02,-6.510912296393128740e-01,1.398233349547035154e+00,-4.112768900142258488e-01
3.816854377959470745e-02,-6.347302025005605586e-01,-1.129165523980392383e+00,8.384167559873667575e-01,-3.137846006510987551e-01
4.966441000596848870e-02,-2.753807327981382808e-02,8.614006976673324045e-01,1.215278142500831660e+00,7.722365837547020551e-01
-8.414505037348212202e-01,4.361788751958037974e-02,-1.143631405417021130e+00,-2.332332219583088673e+00,-1.745249780880522739e+00
-3.449972197430414833e-01,2.027912345588190612e-01,-1.585122863758969824e-02,-2.028436773365094759e+00,-1.769243468076252990e+00
-6.687446525234277406e-01,2.442678747806920903e-01,-1.647949626125884581e+00,-3.996551091927720289e+00,-1.453198862652231416e+00
-1.993654975607197510e+00,-4.124049991045828922e-01,-1.936967465734710014e+00,-5.215213785413621572e+00,-2.991192755068835751e+00
-2.815141180422620071e-01,-7.162279733700575024e-01,-7.525000895224802644e-01,-4.620913095589451736e-01,5.740146765315469191e-01
-7.643864941881344244e-01,8.467457946739862518e-01,-1.116792641773646233e+00,-3.549361686085144463e+00,-1.354319844185824628e+00
4.618469386058652315e-01,-1.687552663041771150e-01,-2.372787290323923326e-01,1.560443946360397238e-01,1.122035860313824740e+00
-1.599728539250712678e-01,8.497009677616520484e-01,-3.235430486801110228e-01,-1.431018568486361331e-01,7.159513949568350188e-01
1.061858446668949130e+00,3.509682695421922349e-01,1.315464857223860751e+00,1.391176028992749725e+00,2.245084075322615114e+00
7.670556151414443802e-01,2.076610795678572430e+00,9.382148139060586534e-01,1.314444542860646825e+00,3.317612013545907956e+00
9.909109764853827329e-01,-7.423728051492245461e-02,1.633667042646020917e+00,5.396506826377128974e+00,1.217824880989542224e+00
1.331318461495060834e+00,-1.280410087107623163e+00,1.866003021472589563e+00,6.221122235829238178e+00,1.933626696450053695e+00
7.637853380138192039e-01,-2.441221574521830751e-01,1.655877105112622427e+00,1.078862572388591845e+00,-6.038066137219466611e-04
-1.832861404031344288e-01,9.378714380104029580e-01,-5.428938146936788112e-01,-1.159683141110343430e+00,1.187183230452699245e+00
1.490778841931550414e+00,1.471601589877670868e+00,1.428023874012299022e+00,2.045094399313964750e+00,2.975698478706255035e+00
-1.023104976895778506e+00,1.355208583138144629e+00,-1.417045361664185377e+00,-2.945910660528004321e+00,-1.533315054113547404e+00
-3.908145786143241152e-02,5.177784418292051827e-01,3.371274837889979836e-01,3.284035107214016147e+00,-1.700099224468669235e+00
9.471063331578617461e-01,1.241358512042765927e+00,2.074868050144995202e+00,4.485489463835440560e+00,1.744498435918921952e+00
-3.167465154253768511e-01,-7.584558093741772256e-01,7.117599726313955655e-02,2.254202619087878112e+00,-9.507263932406384566e-01
7.876889556494827138e-01,-4.266738867328697116e-01,-1.615145133400508470e-02,3.842132476407913888e+00,2.682048005069273433e+00
-8.851958705369493696e-01,-7.051725084985800418e-01,-9.812488264862020415e-01,-2.625222673363297954e+00,4.416344532077620677e-01
-5.954705938193136650e-01,4.809909571595009092e-01,9.041724791394678551e-02,-6.300316260420839587e-01,-1.370546308016921122e+00
6.017455191647255175e-01,1.031441679104457609e+00,8.653733250700215152e-01,1.542854282003538247e+00,2.163978134109241225e+00
7.843168757576143291e-01,5.446146953982443362e-02,7.562597605293649439e-01,3.383486413539530613e+00,9.188507333564788215e-01
1.318952991274429110e+00,3.497314942741394650e-01,2.003766298001238066e+00,3.176178712219348110e+00,1.728039072598849035e+00
-7.719564436595442725e-02,-3.264948179565648756e-01,-4.190057963221149873e-01,6.462998830730736222e-01,-1.385187596570580215e+00
3.285687498756632019e-01,-2.554448046506124781e-01,8.487518446706201480e-01,3.468027857048896045e+00,4.924818894566340699e-02
6.899014447944495920e-01,1.270140094041350143e-01,9.394492327116833463e-01,3.807302163744415324e+00,1.261919080525787606e+00
5.149885971079289915e-01,1.226325811218364370e+00,1.573653872327898107e+00,3.129648214731914901e+00,7.600638107931120269e-01
-1.435150139644694844e+00,4.004040967458274980e-01,-1.660419926442649796e+00,-4.483429094858542463e+00,-1.041772103687349293e+00
-6.280905721610374748e-01,4.324847438796328714e-01,-1.312846167368304506e+00,-4.966134509924895468e+00,-4.689305053304469451e-01
1.589755747922082518e+00,8.658716969644302264e-01,2.559457714005818119e+00,6.326492953570784117e+00,3.978273113543596029e+00
-1.370559202452017677e+00,5.324194955145984398e-01,-1.300229311368764629e+00,-1.648878037861730705e+00,-7.815400440438764473e-01
6.928626180390612399e-01,-5.230334299378035512e-01,5.980561749464707866e-01,-5.709409589475040736e-01,1.012762277711210412e+00
-4.688918703140904087e-01,1.381423653051014000e+00,-9.088056675121634065e-01,-2.385044252418452970e+00,2.593684770597163292e-01
1.105276103074550376e+00,-7.068293353194013418e-02,8.434808833772855508e-02,-1.772262991028816792e-02,1.046224572738240877e+00
-8.573494006503978859e-01,4.735092037689653949e-02,-6.156504626043640682e-01,-4.479173894800059230e+00,-2.386012905006819063e-01
5.392425690920384096e-02,-2.545788146728116680e-02,-2.914829578157354106e-01,1.476276060073039575e-01,-4.249164540876718132e-01
-2.232568021968187821e+00,5.004694100161546366e-01,-4.386234716074355333e+00,-8.382058631525310943e+00,-1.929770982053442108e+00
-4.620295449847452995e-02,-1.343716954932289431e-01,-1.163514800001416383e+00,-2.027577336554146736e+00,-1.587632384164337773e-01
1.183866764539003968e+00,3.180566545033862713e-01,1.487297261147665806e+00,4.012045276707488561e+00,1.816456068000499080e+00
-1.653556839613975926e+00,1.357995357129011316e+00,-1.797963695240421655e+00,-3.491397093793644490e+00,3.366664073390854828e-01
1.306382076355949939e+00,-5.783874854725274961e-01,1.738831288386402329e+00,4.033704772727961796e+00,1.997678856768033917e+00
-7.878336094189657413e-01,-1.408734082602989046e+00,-7.886194694876962341e-01,-6.977048992992966880e-01,-1.069864974145704917e+00
-5.645153275203831228e-02,1.019104388266708350e+00,-7.625916692116552209e-01,-9.229289148595974934e-01,1.246418097604822250e-01
-3.056869479198811135e+00,2.342186156370715810e-01,-5.032634589114830526e+00,-8.148430658741348864e+00,-3.739386114136689088e+00
1.188367760165680131e+00,5.521985188399710642e-01,2.182998629234139898e+00,6.990899573911599774e+00,1.973850734509900340e+00
-9.647782044171240301e-01,5.706196872019637656e-01,-1.018973646688801082e+00,-2.216180709432967966e+00,-1.555506631777118898e+00
-5.928565627464698062e-01,-2.602347809696793357e-01,-8.332211095259611788e-01,1.644780633900624345e+00,-1.699590653802356410e+00
-1.408261367591766566e+00,1.624283658420438703e-01,-1.136771266446535922e+00,-4.052473200537770381e+00,-1.492638114397007554e+00
-1.093773812219081210e+00,-1.311181665182175271e+00,-2.093798286646964435e+00,-1.938039843019939923e+00,-9.623034505129506311e-01
1.259760243932193546e+00,-4.980653547751833637e-02,1.468814071742526650e+00,2.967403827376381198e+00,5.698233517500148615e-01
-5.608656459664179694e-01,7.848484718670051263e-02,-1.319746959271066444e-01,-1.904157436278853588e+00,-5.504979251316092226e-01
9.860583366582688081e-01,-8.947258117793036591e-01,2.497267337975810797e+00,-1.244917356711203293e+00,1.968109128759566451e-01
-1.941302971180968451e-01,-5.268554046271584079e-01,-2.613840954929589899e-01,2.553036833797193150e+00,-1.078984109846198303e-01
3.812940015574406982e-01,-8.891539747082953526e-02,1.568229709549470385e+00,1.819868623477605141e-02,7.373027485302162676e-01
-5.578221231752492626e-01,2.530147249811234844e-01,-1.140850817077014190e+00,-3.593601909431173524e+00,-1.664551045978411858e+00
4.706236884793706388e-01,-1.303520216715749191e-01,8.514508754661427314e-01,1.607873666858240069e+00,-4.940800844346419085e-01
2.851930662097574398e+00,1.078350704212696298e+00,3.808818723592144462e+00,6.696377382482237017e+00,4.580766130067930320e+00
7.193183518194130599e-01,5.757911931730000932e-01,1.481161598085867226e-04,9.958681571326284399e-01,1.354735453235580867e+00
5.573039336541432132e-01,6.302543605603417864e-01,9.258595467171308879e-01,1.034104359892064728e+00,1.330290946231676763e+00
-5.243740694090691656e-01,-1.359517356239607011e+00,-1.400825208132009392e-01,-3.341372895207310734e+00,-8.604215402036492488e-01
1.113758597493540003e+00,-3.094461356551549969e-01,1.437456582171210639e+00,4.144179629968824941e+00,1.807386968777284775e+00
1.497486081248709189e+00,1.567081365132093063e-01,2.012873014416395101e+00,1.771617705986868518e+00,3.926591710880972919e+00
-1.875260604294129330e+00,-2.922862353168246274e-01,-1.709229945760169844e+00,-2.925672641884183189e+00,-2.192942792933266105e+00
-1.520767234474841745e+00,1.770099309786201114e-01,-2.865905119648268773e+00,-3.466691734658172930e+00,-1.796424168527391396e+00
2.315611448491698976e+00,-4.398471729480580850e-01,2.248928563911962275e+00,6.530379002295838120e+00,2.455224438898303330e+00
4.692301499604363269e-01,-6.463273601688144243e-01,2.376856563138130540e-01,1.912577280123800016e-01,1.633675153958819903e+00
1.423450606714823097e-01,-3.803077435923029465e-02,-5.487188582693705019e-01,-1.162638913905915006e+00,1.059539934806513983e+00
6.202383207753991989e-01,6.771921031488710441e-02,1.689155894677742520e+00,2.060913823789131794e+00,2.854503783779357429e-01
1.208349570297016840e+00,-2.270189345253169622e-01,1.852188853162331172e+00,-3.946836216655387197e-01,5.276539007278177040e-01
8.822941627364934147e-01,-3.177209778293942077e-02,6.743603307689370885e-01,-8.348182571376261407e-03,1.964657589685248062e-01
-2.457797589345185607e-01,7.488054503771204296e-01,-7.197262999177027609e-01,-2.945108156441831326e+00,8.517445811348880458e-01
2.273628522906423477e+00,3.910833459770379217e-01,4.902061682278548105e+00,5.400271119823997878e+00,3.980461617871771551e+00
1.390781648163786320e-02,6.318726298674640640e-01,-3.603340093376347086e-01,-1.218711702830058141e-01,5.198663195503855361e-01
-9.637732855274784294e-01,4.680114497880764057e-01,-1.797603206243774565e+00,-3.446293199735577684e+00,-2.603256182534829488e+00
-6.137566382678655286e-01,9.249207727410732605e-02,-6.536926019873801064e-01,1.794575430679975270e+00,-1.885086486137306228e+00
-1.457623512439610025e-01,-2.455613849321797992e-01,1.967562617307156703e-01,2.953199656052055033e+00,4.108073764939046413e-04
-4.178073361964108612e-01,1.427417460096658486e+00,-4.359575272982658123e-01,-4.359654954636397406e+00,1.827108532106071215e-01
-2.068998383589876200e-01,1.195882188947561403e-01,-8.492671506304669826e-01,-9.575926185169838512e-01,-1.357830819008605805e-01
3.475616771738277433e-01,6.235581230097747563e-01,-2.435857988310276556e-01,-1.960464076654465426e+00,5.901698164736386421e-01
-3.618021013911922878e+00,-4.552870073249724037e-01,-4.598336683356825105e+00,-7.021314817635415650e+00,-5.265398901032630086e+00
-8.579175063049564454e-01,-1.074570900408963636e+00,-1.211991818232872609e+00,-1.766317561673002245e+00,-1.395638668567561469e+00
1.047032781143302005e+00,-9.191957973211533073e-01,4.171635203838035544e-01,2.954930873767165345e+00,7.000423533810220533e-01
6.202810552524905541e-01,-2.131060460943080270e-01,1.580196939002085355e+00,2.950764197968625879e+00,-7.851839772684351404e-01
-7.499038117549052807e-01,-8.843498463812246024e-01,-5.477368900020141984e-01,2.640086707540498789e-01,-1.884172599220344191e+00
-6.880403670299058971e-01,6.408888233669489676e-01,-1.094832359767478724e+00,-2.370116839067728964e+00,-2.860428407999582867e-01
1.256529997837295021e+00,-2.894024070765155998e-01,1.563888402514759468e+00,-1.962905035398298637e+00,1.117237338371125821e+00
-2.729328865531257531e-01,-3.329711569961310569e-01,-2.309014642805573558e-01,-2.697063206163882398e+00,6.125205986459170138e-02
-5.841483609616244799e-01,1.284117881604451838e+00,-1.229560570492891358e+00,-3.517172282733569855e+00,1.388755203876057553e+00
2.044514792676171755e+00,-2.435594286794776908e-01,1.969436096878236286e+00,2.856411226086641442e+00,1.308878405128567346e+00
-4.075029178132443808e-01,-3.216028778117687725e-01,-3.590919046619422406e-01,-2.618348072047103070e+00,2.070407469182687255e+00
7.538620890592986346e-01,2.101058651393778565e+00,1.403602679508643147e-01,3.743420442675154280e+00,1.645488694365238480e+00
-5.031679320140901301e-02,3.602512383415240049e-01,1.738995095393487955e-01,-1.340064297823851114e-01,-6.943694964593405405e-03
5.595368371411577058e-02,1.160363556868430068e-01,-8.194867136123682450e-01,1.461606447988190727e+00,6.413531400846307351e-01
-1.043596286602797907e+00,-2.983760003137508332e-01,-1.495007364547951578e+00,-3.173727979007139322e+00,-2.676299028196432950e+00
-9.111251204799939440e-01,1.007487838372685074e+00,-1.335727907315146901e+00,8.635453115312099470e-01,-5.505767238847066869e-01
1.386070018731144771e+00,9.569695057186182741e-01,3.012346101819336930e+00,2.381364153212996104e+00,2.280471873488160828e+00
-1.254760956114288062e+00,-1.817185512767957478e+00,-2.385301185349077091e+00,-2.649204737802211884e+00,-2.991139034500367000e+00
3.055787365103005970e-01,1.850347980284283017e-02,-4.603113275144082306e-01,-2.875996818639650510e+00,6.521647775998495877e-01
-1.315968899980223039e+00,2.514936868393031766e-01,-2.209269668097442629e+00,-2.767813748968511955e+00,-2.115253138214848505e+00
-2.648988791233052309e-01,4.808221939955533153e-01,-1.062706705718065470e+00,1.497579316314153308e+00,-4.544211252609203777e-02
-4.099383487780830504e-02,-9.445911344576339852e-01,-4.230951494019952186e-01,-3.629225572522054577e+00,-1.901189796319352698e+00
-1.795481883490595232e+00,2.494896344993836196e-02,-2.204257402166174273e+00,-5.550360699097296902e+00,-1.776554568719793892e+00
1.250324378142768422e+00,1.375891218092417656e+00,2.197350857611881647e+00,4.004676746536608434e+00,3.106053670986866244e+00
-2.024991861669688531e-01,9.324470600567055234e-01,7.540183505120767737e-01,4.523438458359615999e-01,1.771785170138996834e+00
1.338325148089353656e+00,-7.183177083784240136e-01,1.379932792284834342e+00,7.971963072759269409e-03,7.101695930828338943e-01
-1.029332101703888780e+00,3.066072876907693368e-01,2.272805933764359132e-01,1.787197822684485127e+00,-6.218465876001274539e-01
1.004635297302069574e+00,-5.142234963594312092e-01,2.612583037813653419e+00,3.995466933779482144e+00,7.791433718367098971e-01
2.571725688519435948e+00,6.956183571737724058e-01,3.405503549521679219e+00,8.341819828133971271e+00,4.435033150046707284e+00
2.385619174156715649e-01,-2.194096512292091905e+00,-1.097462804686332394e+00,-6.047014373293181366e-01,-2.159993307293653242e+00
-7.129012259432611076e-01,7.600728376659845464e-01,-1.030809828983780152e+00,-3.917120113853665764e+00,-1.055246161587087395e+00
5.274096100942803345e-01,2.680285299421727441e-01,7.694548203952538135e-01,3.927191248977431881e-01,7.426145090702233054e-01
1.551549076101685076e-01,8.861552303680546583e-01,-1.216885498481627970e+00,1.195783480687935496e+00,2.029089259589540895e+00
-2.313638592424608342e-01,-8.346773316993657543e-01,-2.718434243697775976e-01,-3.098815748323593855e+00,-2.175644147639576698e+00
-1.327669902948842573e-01,-1.231524257611789214e-01,-3.068287214518941042e-01,-1.344697574742884871e+00,3.902672789913782525e-01
-6.377155191591205030e-01,-7.685964798334489201e-01,-1.364517382513733113e+00,-9.779179728622491297e-01,-1.248889168428888752e+00
4.669918833488366228e-01,4.557661044738806622e-01,1.031102048747778888e+00,3.495984113668426652e+00,1.146931379572933674e+00
-4.267384572767332074e-01,2.538508302964588292e-01,3.916465226889676021e-02,1.327805615700197617e+00,-8.776503745578844162e-01
-9.440459159855063564e-01,1.582691346793128284e+00,-1.598950302472873952e+00,-5.377107631274464339e+00,-1.664055053138818963e+00
8.982639307003648099e-01,6.781761276326837562e-01,1.376423235421627256e+00,6.224291196044674734e+00,2.590473818757969227e+00
-1.826861402387000843e-01,-1.628349864085477883e+00,-6.581434881135492798e-01,-1.245800600321355311e+00,-1.996295654494445460e+00
2.914491711891288084e+00,3.403714149493952679e-01,3.513632316427425906e+00,6.286677630733467304e+00,4.013609235006033948e+00
-2.748509424630070086e-01,1.912779950458715905e-01,-3.280466952622565491e-01,-5.922593021862336826e-01,-1.144997551400641855e+00
-7.903198542561511442e-01,8.906984189791624651e-01,-7.599151440514548828e-01,-1.896227034039573489e+00,-3.108497100062970198e-01
-6.054031924043975499e-01,6.277990556502189845e-01,-1.181809221742795346e+00,-3.683135488771521970e+00,5.725787782806357473e-01
4.088413379141190296e-01,-5.051164397725977917e-01,-8.152405801129113394e-01,-1.359343945638579854e+00,5.309130459343531783e-01
-7.682937699071026305e-01,-1.352038268708378732e-01,-6.908780594080290438e-01,1.131416361731195863e+00,-1.581407656443821530e+00
-1.391829426831832084e+00,9.599310767816363610e-01,-2.904532183753747887e+00,-7.077949370923215078e+00,-1.380227717185716907e+00
1.805985802050559919e+00,-4.851738632937084850e-01,2.556269027452573450e+00,-2.300214712631536429e-01,2.350232139759826921e+00
-1.366316954431644692e+00,2.142541322689573147e-01,-7.701039389140822422e-01,-8.410998485775795785e-01,-2.879089355314742527e+00
1.667644092417903012e+00,-7.061670639061483623e-01,2.279924572573051478e+00,4.554136738460458744e+00,2.215660404839125963e+00
1.554076620241059969e-01,9.611432069683508717e-01,-5.265038847695817648e-01,8.197552351940515791e-01,8.164463103967706248e-01
-1.170155808021210664e+00,9.808360745969479932e-01,-2.515882533070989080e+00,-6.320003844263930581e-01,-1.238337854201041033e+00
1.835917948010844514e+00,1.441648522921048503e-01,3.249452877441243448e+00,3.864333079921328906e+00,2.907087233045504426e+00
-2.241529742292018568e-01,-6.554640239218481046e-01,-3.183991219893955726e-01,-2.077651744981374171e-01,-1.714057164213296236e-01
-1.110055416236998882e+00,-2.998923838838461475e-01,-1.188901319472344342e+00,-1.253827136297590350e+00,-1.544259606319632105e+00
7.206432801349584027e-02,-7.415314021593655269e-02,6.750733494032913340e-01,3.204121749112923467e+00,-1.185384373962512922e-01
1.417328731091987981e+00,-1.894234205409551508e-01,1.916124786536841818e+00,5.235655621902323809e+00,1.204314499668692306e+00
7.533073641126775133e-01,2.750486570630437666e-01,8.426831812328358096e-01,-5.011468067554081252e-02,1.457117317223620256e+00
9.103069436488796518e-01,-1.073662549556208878e+00,6.610550906174487151e-01,-1.179400294851212339e+00,1.978040672096339492e+00
1.932822506491232994e+00,-9.235861815957892018e-01,7.374824056573361375e-01,1.665282504506989447e+00,2.472217349115045870e+00
2.363937248798249069e-01,-6.747804470239225916e-01,-6.194252074633501692e-01,-3.651436818709586696e+00,5.870171392518065412e-01
4.140501826683546938e-01,7.100699871901804405e-01,5.253861646408982677e-01,3.012271673334569133e+00,-1.909266844658963347e-01
-2.489757950938104869e-01,-8.688777539892522661e-01,-4.509519898087411272e-01,-1.465688884374186873e+00,-2.087009881820891533e+00
-1.602694429379048602e+00,1.513558373310316951e-01,-1.950200264738171096e+00,-4.137531692133064709e+00,-1.390594000971787869e+00
-1.592396164480002485e-01,7.064203300038177646e-01,-2.974951549719636601e-01,-2.149449154684240693e+00,-3.366822465047542012e-01
1.781490233438477233e+00,-1.094484667416938395e+00,2.545860836541335104e+00,7.192084890045824963e+00,2.692314544795899156e+00
-1.907171028793094303e+00,-1.464100122893933431e+00,-2.129406338642610308e+00,-3.345975186044897409e+00,-3.373821124724898368e+00
1.480679217938842829e+00,-1.423493202449836348e+00,1.483169312905099790e+00,2.031138067643382339e+00,1.012381411062693859e+00
2.881486108329430196e-01,3.877320565512620831e-01,2.171586686367723562e-01,1.609462284614390004e+00,9.327208065737843112e-01
-1.003155595391180599e+00,2.944460440583832606e-01,-2.377342828109859862e+00,-3.765250547798318692e+00,-1.442534960275646316e+00
7.213035691821699513e-02,-1.740495672437407659e-01,7.041405311001752709e-01,2.038251491057422538e+00,-1.941604992376484207e+00
1.957045147243505090e+00,-8.083416184502306701e-01,2.711756738317553150e+00,7.127018298819006503e+00,3.219951349281056530e+00
-6.314437604686155003e-01,2.444699017148637549e-02,-5.626066501905753192e-01,-1.609656393882742398e+00,-1.059246521036109057e+00
8.710286091541797893e-01,-1.205470531979372373e+00,2.155618185487084393e+00,4.207514667864568736e+00,8.556216631394880645e-01
1.246634208402065846e+00,3.403088560235378313e-01,2.383569759491617202e+00,4.671379741778829420e+00,1.246074434215691973e+00
-9.883643431750401831e-01,4.083461355872492100e-03,-1.394765554663358831e+00,-2.398008008536338664e-01,-1.572462914439666459e+00
6.970839684482453835e-01,-2.801139283512411177e-02,1.447283488567897791e+00,3.370200502047241198e+00,7.663077161506954837e-01
5.896018392580683054e-01,1.073747339355895392e+00,-8.064819206154993925e-02,3.464976473462428319e-01,1.906562176779266649e+00
-5.223926777861830351e-01,-8.307274240180497760e-01,-4.476066600839324616e-01,-2.107710754683130183e+00,-7.214691345025872060e-01
7.546763831099762010e-01,-8.880854094878133376e-01,1.122887557740685160e+00,2.441142028594467828e+00,-8.472027135841517786e-01
-3.979420826082977758e-01,3.102735130416667819e-01,-1.553001001343403242e+00,-4.157052503547052247e+00,1.959725747837058329e-01
-6.361776575279645130e-01,8.318569818929318904e-01,-4.202102783059302737e-02,7.644577333803259656e-01,-2.466309466353913959e-01
-1.360350881624078134e+00,-7.654637025088780744e-01,-2.306235053438565608e+00,-3.637906879195765164e+00,-2.186000137062451110e+00
4.246986186047606027e-01,-8.278564658309653934e-01,1.008216371906007325e+00,2.561944910179959400e+00,9.034655170095184928e-01
-4.728557834165922902e-01,-1.570935517755256416e-01,-9.106056213022579726e-01,-2.417695551409067889e+00,-2.413319318718835760e+00
-6.157914310018530735e-01,4.242510211886726390e-01,-2.278284898885362120e-01,-2.195760260417409349e+00,-3.443998674426006490e-01
-1.265899238125603343e+00,-6.129344563314977901e-01,-9.224837353052949274e-01,-3.692706064533490817e+00,-1.975514566381218584e+00
-1.504046728535538779e+00,7.179622988286142871e-01,-2.581937544206772017e+00,-2.101079440176096380e+00,-8.671152814430753697e-01
-8.695361948179132217e-01,1.612689436143457833e+00,-2.146052731979046335e+00,-3.642677182371253153e+00,1.572921687258335144e-01
8.042259315037750822e-01,-1.116537864939537855e-01,1.022819233949614715e+00,1.360594940331313563e+00,1.766301982690078987e+00
-8.966862109338985531e-01,-4.447540694935581684e-01,-7.035655456566584087e-01,-4.829994604014580695e+00,-2.335545535076879453e+00
1.591859506715665562e+00,1.650143743820337905e+00,1.955375193518159804e+00,3.358505139901994951e+00,3.726608162339985153e+00
4.497957768450036586e-01,-1.061652035726533772e+00,2.361918996643389002e-01,-5.930569728770993976e+00,-1.126689092884398002e+00
1.741466922084188018e-01,8.408863253699551121e-01,5.428572605958337238e-01,3.352862099662708317e+00,5.734513307591446729e-01
-1.325658373774909915e+00,7.567601720024734746e-01,-3.538178303017703641e+00,-5.710049558926768576e+00,-1.654222148643980539e+00
2.152346797062192785e+00,-1.206404573830473836e+00,2.542687519400785412e+00,4.600450372635202179e+00,2.634119380933315657e+00
-1.587203553890829788e+00,4.840362838946652424e-01,-3.040541251185123084e+00,-7.499686190864956359e+00,-1.925224930553609992e+00
5.884119125128332017e-01,1.082493807925098972e+00,9.914967285556213206e-01,-4.496855410919327056e-01,1.705347192502063791e+00
1.866709291516855940e+00,-3.600917089589769637e-01,2.105895358408043538e+00,4.971448545809127317e+00,2.658422544205626181e+00
-2.191881152995154292e-01,-1.837179973522144127e+00,-9.945994826529129806e-01,-1.769534815992565013e+00,-1.477193173595819253e+00
-7.530675831556283839e-01,-6.582818832201202675e-01,-1.254344607325228012e+00,-1.239583638932900467e+00,-5.304117168089773626e-01
-2.093099159912884671e-02,1.435370236877199002e+00,-9.419995702848188435e-01,1.211884181420450624e+00,9.230882719135202752e-01
1.008822110174251163e+00,-8.538147328828279425e-01,1.377383853159346305e+00,3.617216120288964110e+00,-7.738096073191711444e-01
1.496942107472757799e+00,7.310421686930659302e-01,1.631554107483461413e+00,-5.743455928287981571e-01,1.415001256318964451e+00
6.659331757716285827e-01,-1.036584591944765821e+00,6.798826763983429888e-01,-5.756466060322091849e-01,-4.008821040447629325e-01
-1.178217972958449211e+00,-4.363854693876321189e-01,-2.064211384701703622e+00,-5.469694692708974237e+00,-1.877984945188834853e+00
-7.427818715697862562e-01,-6.382743844277294354e-01,-4.527916397029371209e-01,-2.761369850500880574e+00,-1.733562138178447842e+00
2.241027885688251231e-01,-1.401515825941489768e-01,2.400896120581961779e-01,-3.473949039327044463e+00,6.132421338040043857e-01
-1.406002207800895132e+00,3.302650043129725099e-01,-1.604833313563682085e+00,-6.774409937287186878e+00,-2.145281864827819795e+00
-2.647517937751751593e-01,-1.186003745932537453e-03,-6.522333666474761094e-02,-1.655056975086354631e+00,3.755006183701340428e-01
2.468948191847593510e+00,-7.150398525762932112e-01,2.889553788648137722e+00,4.071909272783190481e+00,3.117498061856469160e+00
-1.165048093450585798e+00,-1.014219810785371434e-01,-1.245625810365249997e+00,-1.334228332638258907e+00,-2.927105671636279993e+00
1.278634288327588964e+00,-1.726796933417833746e-01,1.973236168389933987e+00,2.671639053024079224e+00,1.417701789042893346e+00
-1.027906274494649663e+00,-3.428842607264676601e-01,-1.216688161400811152e+00,4.962159470755307389e-01,-2.090781301166237061e+00
-3.753891356039287808e-01,-4.745626083973001341e-01,-7.635311685280077310e-01,-4.633493795668986337e+00,-2.153055392957217151e-01
-7.726627062224017406e-02,-5.623520269976312047e-01,-3.715883902349317869e-01,-3.132733953963271034e+00,9.004289707444605995e-01
-1.658695082090061002e+00,1.695321141107481722e-01,-1.789539533935750937e+00,-2.834577912121451160e+00,-3.252507796385170291e+00
-1.157706558533745378e-01,1.618990125821387460e+00,1.198030840992529988e+00,8.936557882671164466e-01,4.341526737226553134e-01
1.428759382336622474e+00,1.253438754833673466e-02,1.446016290058161236e+00,8.633597292238435195e-01,3.764409119950494542e+00
7.901596648592874583e-01,1.479577400388992769e-01,1.417619739764370612e+00,3.721126186213596476e+00,4.331436557235823770e-02
7.687623416592292980e-01,-7.080446903080899190e-01,8.280561015836348515e-01,3.576939393192951400e+00,1.098599962652328399e+00
-8.863474540899085596e-01,-4.813701057118928150e-01,-7.292070739441731675e-01,9.809859368557325432e-01,-3.076402057611824503e+00
-1.598093493798385667e-01,1.075815397089805447e+00,5.311485262703199983e-02,-7.935124282050316502e-01,1.824624097574474302e-01
2.229072319158429405e-01,-3.023373648774623224e-01,9.654748976430171936e-01,1.325777324544329394e+00,-2.267295226355178495e-01
7.477504433547473850e-01,2.981207775233316593e-01,-7.111877126377155189e-01,3.236773632351486185e-02,-2.130114114068382136e-02
1.479099041917780966e+00,6.237219213091266257e-01,1.657604683798077350e+00,3.127166770910075666e+00,1.157123079163763446e+00
-1.101002645988311768e+00,-4.828876016686458605e-01,-2.126734858701076369e+00,-1.439509910789796399e+00,-9.186119536842037858e-01
1.872460117183729178e+00,8.135987764084230411e-01,2.504530634402478029e+00,3.401668855022412341e+00,2.680482734893304464e+00
-3.153358738447468168e-01,5.324258812184159417e-01,-8.832879108490597764e-01,-6.085006002543807968e-01,1.077779179635860896e+00
-2.772385115033941250e-01,4.254946050311594341e-01,-7.794116697121661330e-01,-5.315676150521011500e+00,-8.411725140370106546e-01
-1.331394248296103866e+00,-6.979393538381346573e-01,-1.404504570012555353e+00,-1.194461890101834678e+00,-2.417115311886312679e+00
-7.469255674664411482e-02,7.243099046934649288e-02,1.080287798360516360e+00,4.374987974245350131e+00,1.152322811539883585e+00
-2.514016270307082301e-01,-1.514121415871807041e+00,-2.101517101729856840e+00,-2.824647748062117714e+00,5.544400579138344387e-01
-1.360102807656814683e+00,3.949377543792702977e-02,-2.061084433694681639e+00,-1.496027076205459050e+00,-9.952524360825071303e-01
-3.210291160314178160e-01,5.893706934603874098e-02,-2.468341325322163382e-01,-3.650655374233031658e+00,-1.914606864262258235e-04
1.337040614672756755e-01,-3.665032022188547400e-01,1.865767622750070798e-01,-3.125932992491328721e-01,5.315081631548890240e-01
-4.532931376224200171e-01,2.345330767983095366e-01,-8.372171811125616037e-01,-4.243061336355718360e+00,-5.021044133622709627e-01
8.585423021859096560e-01,-1.130872517966388102e+00,3.373804822446601070e-01,1.577060717823445479e+00,2.417525588537785985e+00
-1.128935998237303728e+00,-5.889454011037184022e-01,-2.136793374484452723e+00,-2.407284208100001432e+00,-8.418159342542612666e-01
9.804187823996440843e-01,-1.183085800312323244e+00,1.797426530000505673e+00,2.846586534467059337e-01,1.330787844838676737e-02
-2.049043239960304796e-01,2.204239990861365378e-02,3.876310459946219478e-01,-1.251791139529726982e+00,9.304961454978136759e-01
4.101445077897089564e-01,-4.182370731664777908e-01,6.234296844161680839e-01,-6.473045098483498627e-02,2.928349384721756765e-02
-2.032914276955394950e+00,7.169492162170325589e-01,-3.312107816783072423e+00,-8.771635879280701431e-01,-2.161558657146580131e+00
1.422851728922425729e-01,-6.692427012483760373e-01,2.549444945165239562e-01,2.681809053847116209e-01,2.146280148391212783e-01
-6.819796089038486497e-02,3.213721497355154222e-01,-2.429538544371297737e-01,-1.223153908775087007e-01,-7.241893363140637918e-01
1.030906828683634480e+00,-8.787748732579847566e-02,1.755207519331683619e+00,3.527444735700481449e+00,1.760148054838265752e+00
-1.299946522471848498e+00,1.457347134400364674e-01,-1.711810596415315855e+00,-2.415133699942814793e+00,2.948514830998119063e-01
1.502819095028779195e+00,4.938385130428441516e-01,1.677304227091260813e+00,2.609825696698968134e+00,1.360614079006214006e+00
-1.192778069412098185e+00,1.103215002260792499e+00,-1.519610512273105174e+00,-5.174900333833491572e+00,-2.322673955180456939e+00
1.450654657577416184e+00,9.488420011320437553e-01,1.258860524066644393e+00,1.227351517620479004e+00,2.079975183148432105e+00
6.370212516714950368e-01,-1.121544366039668006e+00,1.384896567378397059e+00,5.209918209325548943e+00,-1.742178473414771334e-01
-8.312203029419072964e-01,3.036046956365691663e-01,-4.062885654773219501e-01,-5.677286903318745637e-01,1.198747552621229895e-01
2.390513142687947123e+00,-8.859866235022477721e-01,2.550249924503342314e+00,4.022177708030998389e+00,1.635588530431911103e+00
-1.317267164152634118e+00,1.405603213420172637e-01,-1.547310258744697631e+00,-5.331883743555508204e+00,6.523415660331766119e-02
-1.894708662863463511e-01,-7.635269654214659196e-01,-8.767240251014863928e-01,-1.319259140342109449e+00,-1.587019488830605951e+00
2.281340583083387163e-01,6.444609160178701446e-01,9.798423862386600458e-01,1.421081681637426097e+00,9.895240446283870561e-01
5.748700245141264986e-01,5.077243813274534556e-01,1.351845015028677821e+00,8.202604982315493398e-01,2.811109227025188062e+00
2.494221380360495954e-01,-5.530647247166529251e-02,1.994082079298958032e-01,2.087621142634476179e+00,1.512261141722191393e+00
8.804337928808491087e-01,-8.686828216686337534e-01,1.827996222973128138e+00,1.730894550933586906e+00,1.530449595903708548e+00
5.059694795847066162e-01,-1.330558039613286336e+00,4.268033458232804445e-01,5.404122795919344968e-01,-6.850248235799777374e-02
3.602653444677962613e-02,-1.173016524334816957e+00,-3.504294277816240033e-01,1.173786020926325113e+00,-3.059285086808272158e-01
-1.024136657405853024e+00,-3.271134137702807476e-01,-1.760285329704709412e+00,-2.432896666727069057e+00,-2.131153516644717527e+00
-3.801410706611714208e-01,3.463658630763646329e-01,-6.096967508694259852e-01,1.107815866903653967e+00,1.206573092313002027e+00
9.942977918764582812e-01,6.138495300070577754e-01,1.164457312320777760e+00,1.660191253298120451e+00,1.196606070357479901e+00
-1.285178950301297363e+00,6.808121588643972766e-01,-1.669110246714012424e+00,-3.727359381663851945e+00,-1.590487686688530466e+00
1.222841189095046077e-01,-8.264376648060053343e-01,-2.145768842383485031e-01,6.934680160286836870e-01,-3.765820751302040303e-01
-2.256800452704294635e+00,-1.766185584889709004e-01,-2.623966003338971564e+00,-4.327796069738591989e+00,-3.111403903608763510e+00
-7.663824057511063881e-01,5.392913061256519036e-01,-4.175971908945498301e-01,1.212345029816669806e+00,-1.221661774464758654e+00
-1.788300949018916119e+00,2.940293927428023202e-01,-2.764498229485174985e+00,-3.834560868808642109e+00,-2.220703003141379472e+00
1.371160362937199784e+00,-2.156500879488664202e-01,9.955842213681282971e-01,2.080703768139546384e+00,1.348108979658792839e+00
-2.008195701549021273e+00,-1.104140102970170512e+00,-2.307914037128025342e+00,-3.330128056866154651e+00,-2.587675028899371288e+00
-2.639839543503992858e-01,1.237485740415681379e+00,3.455431300554341889e-01,1.489022577289279115e+00,9.192023283619907836e-01
8.025548637007333674e-01,-1.903680862129004392e-01,1.000722808486893767e+00,-3.461776061068473354e-01,7.778932232577973060e-01
6.708321559475799445e-01,-1.389546881137781353e+00,1.212126021295084621e-01,3.189838247735741761e-01,-7.638697772286354160e-02
8.518485266456449212e-01,1.366560843196772401e-01,1.335861353828946552e+00,1.583590246882418562e+00,-1.007224564285435608e+00
1.170437710622206362e+00,4.801377788652776146e-02,2.555755691089597992e+00,6.195531477002724330e+00,1.523626106312885531e+00
5.216794261674845279e-01,-2.667038569822719474e-01,-4.504604296713352607e-01,-1.131116825525860126e+00,-1.288939753278558475e-01
9.195098613346398553e-01,-2.103183055773092947e-01,1.560119861350854897e+00,4.539410371597571547e+00,1.918440662766266458e-01
-5.964960929795267569e-02,-1.072344411520521179e+00,-2.769843411372300279e-01,-2.765207629465707750e+00,2.029578189371139540e-01
-2.824826966252760169e-02,8.809173788981086162e-01,-5.709691616858024732e-01,-8.310825029760491311e-01,-1.835532504811061005e-01
-1.939503810297318998e+00,-2.210461586833994407e-01,-2.353924593388654340e+00,-2.177649822825661108e+00,-2.634341886577924896e+00
1.858692801951506435e-01,-1.610316812585505186e+00,-5.525074294918710383e-01,-1.054814127905949750e+00,7.467995527977728809e-01
1.396209569670524342e+00,-3.522606197238903336e-01,2.102275126044135245e+00,5.691202686017065915e+00,2.273209757786205376e+00
-8.240447817980811607e-01,-2.187599608338972157e+00,-3.150076501959155895e-01,-4.748266496125422620e+00,-2.204186662763841564e+00
-1.288757226912169873e+00,-6.680932497460578476e-04,-1.660128050579563697e+00,-2.850509659438238863e+00,-2.010830780865569878e+00
1.005166605192505808e-01,-7.392263926668244389e-01,-4.069617032194449147e-01,-1.351083000913330112e-01,-2.946806639060485788e-01
1.249834777835054256e+00,1.085970298033006459e-01,6.099482070674304701e-01,1.337563256546428603e+00,-7.958243395376682905e-01
1.329331212143763929e+00,4.575222029147915093e-01,1.028449884607692821e+00,-6.962324694084580656e-01,2.581269151880253077e+00
-1.653122579416447691e+00,-1.542962142369693201e-01,-3.415564807297549965e+00,-4.062172058680630471e+00,-2.196081824828007178e+00
4.958058033942409626e-01,1.738523839264776383e+00,1.675819200708108081e+00,-1.986878052081417767e+00,2.689424143853836213e+00
-7.230161517865751897e-01,4.769515768237454073e-02,-1.148174400496297043e+00,-1.101753267758414090e-01,-1.836975439177803704e-01
3.057008660184403759e-01,3.919581543703477000e-01,-2.301639234669278222e-01,4.640739827362181380e-01,1.100313322891510293e+00
-2.487401553371610063e+00,-2.460113370849422582e-02,-4.223669865490840003e+00,-5.005394596254228112e+00,-1.019258898075241060e+00
1.015570394402824927e+00,-2.477242075297259039e-01,7.310586688717053416e-01,1.092693844533877856e+00,1.508063648372468535e+00
-4.358391092157661850e-01,-6.359548634653932053e-01,-8.074661668394510494e-01,-3.378988607561117519e+00,-5.546312726569827545e-01
2.258673584971277737e-01,8.204919562546911793e-01,-4.874855862526055739e-01,-1.428486236212411109e+00,1.087052122909100582e+00
-1.979287206222363205e-01,5.180231644394659440e-01,7.707106579766942467e-01,-4.739291106567300460e-02,2.204597616669136784e+00
-1.139161661192053643e+00,1.146775804924463849e+00,-2.029384590096779295e+00,-2.134022049326343318e+00,-5.300547093149448052e-01
5.790057330520951284e-01,-4.872402248648307621e-01,3.085090111578708272e-01,1.754123351494012439e-01,-1.748072431729538856e+00
-5.306756532922281000e-01,-6.075777637418044996e-01,-5.374404422077093679e-01,-2.313070234617786713e-01,-1.014208709370306272e+00
-7.584555922632549851e-01,-1.922441697097788116e-01,-1.395182631127249717e-01,2.446827337360745203e-01,-1.108449205851423036e+00
7.262594205750275700e-01,1.726370477502940648e-02,1.820891047317936273e+00,5.412530464426755117e+00,1.536897054766678705e+00
-9.210724775211237558e-02,-1.240940288507221684e-01,-4.298939642851862808e-01,-4.332993403005915845e+00,-1.907200472952328973e-01
-7.706817556469531816e-01,-1.464734466753079056e+00,-8.996177495581644257e-01,-2.374421744780959909e+00,-2.446173950059070901e+00
1.034851325559430935e+00,-1.283082635828104445e-01,1.514147073537086108e+00,3.858908277689984789e+00,2.923961338968443791e-01
-6.504863749438434262e-01,1.470938038480375243e-01,-5.638379988005171040e-01,1.853917610236062163e-01,-8.948495970115307729e-01
-3.454063723358788418e-02,3.138624879536336398e-01,1.115921410678038239e-01,-9.255716735416090746e-01,5.106092769035501799e-01
8.089225053996966786e-01,-2.748975685709460492e-01,5.239995015348768437e-01,6.971285870402313956e-01,2.191825454809343654e+00
1.039722676554164282e+00,-4.950880596896978930e-02,6.442312921891769628e-01,1.321029230984508418e+00,2.641525931124826698e+00
1.322264545569502348e+00,8.471808497949419037e-01,1.925283067377881352e+00,3.519610253395269339e+00,1.757676789063970402e+00
1.825301036203418104e+00,9.343041264332655471e-01,1.770840155697686047e+00,2.352179023933032909e+00,2.391600480152935582e+00
4.955977861963228870e-02,4.723529315035154830e-02,9.159010962770400832e-01,-1.788644471753197962e-02,1.046753578566166354e-01
-8.793828142221900013e-01,-1.624650841950732102e-02,-1.182936527423508855e+00,-4.121463689293356936e+00,-3.357313764814823909e+00
1.815705006272118949e+00,3.853795102046780018e-03,1.855590673362693455e+00,2.800881779686286599e+00,3.357763562802380974e+00
1.533189795534260158e+00,6.411599180167543155e-01,1.905692468795878280e+00,6.006668690926479037e+00,1.254567512039108657e+00
-3.298183009722125969e-01,1.212178157024877273e-01,-7.684935301479336456e-01,-2.923978777191259759e+00,-3.274919006375038300e-01
7.725455020248633842e-01,1.193447736966644357e-01,9.794142716890741340e-01,3.565324723432702125e+00,-8.046810708969309722e-02
-4.160187445244554749e-01,1.074391751183837007e+00,1.688267207999916142e-02,3.434453969820764119e+00,1.873645521808579156e-02
-1.715740885860556064e+00,-4.561560131751358216e-01,-3.254787042285470111e+00,-4.737309141035067839e+00,-2.257135540638987692e+00
1.143799608170839033e+00,-7.753964175996129748e-01,4.094195515529932550e-01,5.738197282681497313e+00,3.334759818053694147e-01
3.812591821991178076e-01,-8.889181765039584626e-02,7.338777698634771918e-01,9.404215257705731412e-01,8.553269624834669571e-01
1.348328977734802869e-01,1.362840435111022375e+00,7.492531915001439391e-02,3.368238995710651551e+00,7.275970526538957373e-01
1.861947256285341412e+00,3.969345706503915605e-01,2.658768220964789819e+00,4.478492761904879771e+00,3.221923486618404109e+00
1.578476278741806071e+00,-1.191385996899160915e+00,2.444404098485785770e+00,1.837082372238389105e+00,6.588650811560413656e-01
-7.069024130153610530e-01,6.630693139303344141e-01,-1.083480602772232348e+00,-1.094627973289951761e+00,-7.129550435462709279e-01
-1.221307500058747886e+00,1.551342263577955571e-01,-1.180025825187966060e+00,1.348626914700057799e+00,-1.312540716927378837e+00
-2.087470378132648463e+00,2.056429348590960715e-01,-3.422380720084648331e+00,-6.653965904115108465e+00,-3.149833017246447930e+00
6.855342662438132506e-03,-1.189010267153170375e+00,4.945390913983797182e-02,1.035615172901396042e+00,-2.400093205722163336e+00
-4.254090635186709157e-01,-5.327306196882101164e-01,-1.100948007189145095e+00,-3.450403693515031733e+00,-3.491554500937563144e-01
4.001488328797419003e-01,-4.381768471280592103e-01,-1.531499695342142253e-01,-1.522950113582817178e+00,2.282785556610765487e-01
1.415598078878200529e-02,6.076687700065366293e-01,4.022105100000588074e-01,1.437261631249747484e+00,7.566525020253744849e-01
-7.231076381834263822e-01,-6.851102811780985791e-01,-6.392241020303219834e-01,-1.538730608773871689e+00,-2.208770889701922258e+00
-4.454882389932427467e-01,-7.077966613234013549e-01,-1.819629037388777792e+00,-1.407743437619920268e+00,-2.772538579774520562e-01
-1.716517897690013950e+00,-1.168404895787328979e+00,-3.055325021808630748e+00,-2.437297996249275123e+00,-2.167312833244843695e+00
1.353355425508344867e+00,5.513080201455875518e-01,2.040332958522795614e+00,1.275760874649424004e+00,2.012503880141186752e+00
-5.867339762734437025e-01,-3.373509669012238477e-01,-1.402245758822031618e-01,-1.769323363535996396e+00,-6.109197773259456010e-02
6.746571713249474023e-01,5.587226335291863855e-01,5.124109886339698328e-01,1.245415581686903472e+00,-8.432384677431943310e-01
-7.246676183849455333e-01,-1.056499902384159806e-01,-1.109597478534690485e+00,2.599076603977057864e+00,-1.864000315011182130e+00
7.806073134574979810e-02,4.351637030033423392e-01,-7.717966515755730894e-01,-1.426607382173006755e+00,-6.964974367312549708e-01
6.941697986806366627e-01,-6.475941649240988252e-01,2.514950823530704760e+00,2.757901012721322154e+00,-7.005709195926651534e-01
-3.016583008513283315e-01,4.292524377057437279e-01,-1.188126203909826151e-01,5.763059438876825258e-01,-7.089855345843436574e-01
-8.981606348737232182e-01,-4.273642576798960535e-01,-6.771703988751850423e-01,2.642914224978549775e+00,-1.323311398260090810e+00
2.561777301921474237e+00,-5.826746095393298130e-01,3.927665467094731966e+00,5.557455703442027328e+00,4.290061194660143684e+00
-2.186786667001472950e-01,7.388867516063186702e-01,2.800757464544379460e-01,-2.609477928885297615e-01,1.955865025130560375e-01
6.260891503973773364e-01,-9.521203165015084124e-01,1.238076351779322737e+00,2.137841154772866847e+00,8.304457322172855704e-01
-8.917526303094555629e-02,9.073142608135977005e-02,-3.309402760076942673e-01,1.072966098676890745e+00,-3.198450561025610872e-01
-8.518963122688111289e-01,2.567516179328758197e-01,-7.072927173668186462e-01,2.795112561347399271e+00,5.825424644791610262e-01
1.447972034405792030e+00,1.906145153413975335e-01,2.037907140259349159e+00,1.252130524057881278e+00,1.207240653718757883e+00
4.309592095500542341e-01,4.936401716505892795e-02,1.398276086119639050e+00,-9.858198570723035736e-01,-3.715210770718817557e-01
3.755965743996716455e-01,7.764216235283956102e-01,5.839356426073205597e-02,7.461820797053700938e-01,1.054444964633170834e+00
-2.507179465250470418e+00,-4.937958937236949786e-01,-3.780062056297986750e+00,-5.183852396049749345e+00,-1.834810424934298467e+00
3.163676752687162308e-01,1.148349851531137444e+00,8.457025956184445192e-01,-2.804988631419276679e+00,6.892234414711542190e-01
9.249788082859129457e-01,1.113687040420952457e+00,2.066247405114970626e+00,2.156455128261027809e+00,1.557158429646754438e+00
3.117856651463675188e-01,2.218050619247652344e-01,5.184962889353184057e-01,2.803213395514771111e+00,1.795830973203820236e+00
-1.635355373726401496e-01,-4.981735676958886500e-02,-6.677493628030519712e-01,-1.774321396876147539e+00,-1.229658071742137482e+00
1.314209011719195797e+00,-8.774847298157724129e-01,1.730990660951664983e+00,4.072546736934561373e+00,4.015443061116585888e-01
2.711469523743024190e-01,-6.923599760943045522e-01,6.253897140356307061e-02,7.413628614887893820e-01,-1.547243213820523211e+00
6.396729006032401132e-01,-5.262816868917555846e-01,2.058252329534105307e+00,4.358140516852042623e+00,-1.622111500170876131e+00
1.142139022414385696e+00,1.469804896897084212e-01,2.127584606643330822e+00,4.366705367929184511e+00,4.634397315100784454e-01
1.102720375952338072e+00,1.225670035655717749e+00,2.300907998027706292e+00,4.233605194355041235e+00,4.555575160759335329e-01
-1.447950245518298873e+00,-1.193524082172964240e+00,-1.801116675502719922e+00,-6.638735585868191791e-01,-3.507613404666575896e+00
3.705127159008504423e-01,7.225909736538136396e-01,1.636234716852654203e-01,-4.382073265947550866e-01,2.056465614831419764e+00
-8.391093903064319459e-01,1.394251541718580512e-01,-4.227655905870811859e-01,-6.639952576147373220e-01,-1.826130065729780982e+00
-2.212056029231421750e+00,2.823521233063105984e-01,-2.009456234682574838e+00,-1.633210478572560742e+00,-3.331083577266269469e+00
3.144637863791149290e-01,1.452780393753053123e-01,7.938337695136279404e-01,3.171883525188176067e-01,1.515871560697442888e+00
-1.914737185051508694e+00,-5.001468063515149831e-01,-2.644839677146546553e+00,-5.046013655523756469e+00,-2.702353379054450944e+00
-5.139410048089316785e-01,-2.611817796077282039e-01,-3.356792376440220771e-02,-1.608594284376032579e+00,5.319823621450983087e-01
-2.764524405356987291e+00,8.570157512071743811e-02,-4.027687846605965127e+00,-8.382372910557839063e+00,-2.769460319405017579e+00
-1.124901178548409764e+00,9.036668136414236496e-01,-1.069478980959866599e+00,1.938593042911549880e+00,-1.040232120334771970e+00
-5.176069596585682886e-01,-1.856109432294777706e-01,-1.153454651379654861e+00,-6.898149424573061239e-01,9.477941383457506586e-01
-8.547799496803638181e-03,1.067488102317120102e+00,-6.152428141768860881e-01,2.960838111244322057e+00,1.145140060386923064e+00
-5.947857882459750556e-01,8.967154302824649204e-01,-4.646052657455770341e-01,6.102415482585561435e-01,-8.663402338183787688e-01
-1.018489781161183494e+00,-1.547131603819701939e-01,-1.188653708046476298e+00,-1.797559721298083169e+00,-2.402095673299086798e+00
-9.926981541487913674e-01,3.043938665030623270e-01,-1.790489802619084081e-01,-1.202944675299749022e+00,9.093494581805403598e-01
1.688100340240332287e+00,9.801357440111069241e-01,2.144278686299678327e+00,4.459891512174100292e+00,2.161707822561335757e+00
