-4.690401713056613353e-02,-1.724463888307280701e+00,-5.126347282778500603e-01,-2.447770769260916524e+00,-2.371253461881659141e-01
4.518250346232465242e-01,2.975822167713076394e-01,2.219982236705516920e-01,-2.603095252834568107e+00,-5.691229633413937838e-01
3.550596952618238766e-02,2.076934841365356554e-01,2.321830468261112668e-01,-4.031480156137103865e-01,-3.351123750714180560e-01
-1.077743247164297147e+00,-1.215248818395854080e+00,-8.557580604855146156e-01,-1.318379735809444231e+00,-9.334474754151602660e-01
-1.803869346962731601e+00,-3.409288340523310978e+00,2.883923632622254485e-01,-1.866282754016347134e+00,-1.152370429107076877e+00
8.999771717735236543e-01,-2.491964785189250409e-01,-3.376918940652239853e-01,-5.953100200281689069e-01,2.287471778835118985e-01
-1.173491827139394594e+00,2.047057076284716504e-01,8.460327124497335483e-01,-2.386869384551326689e+00,-5.126987440806908269e-01
-1.011651408890390513e+00,-7.035892565918642205e-01,9.300706052215157449e-02,-1.482670130384477369e+00,-1.988432022009308242e-01
4.422938562638264459e-01,-1.698063798571115557e+00,1.018598347965873563e+00,6.307199174919393414e+00,1.197541934500367944e+00
1.494858660074844137e+00,-1.910939068622165893e+00,-2.716650351927505369e-01,-3.873251596412879971e-01,4.664324795406787350e-01
-2.236450369193804022e+00,-8.629030843022748032e-01,-1.707718222295259158e-01,5.024688263481964512e-01,-1.457782575168276473e+00
1.634277638751139294e+00,2.427689024084198177e+00,1.777836350880018790e-01,3.032650584979593722e-01,9.593010377066342187e-01
1.731640578619499937e+00,2.719701578518375351e-01,6.261677690735646395e-01,5.663185525885650939e+00,2.753423388087694157e+00
-1.701548592926961589e+00,-2.908052697229704275e+00,3.355631859457225974e-01,1.875495529120612126e-01,-1.367633860777793586e+00
2.098840836154236555e-02,1.145859918219770401e+00,-7.314685165493680641e-01,3.305171772419102094e-02,-5.283616173009544337e-01
8.049661040640729848e-01,-7.977985846621160615e-01,1.084584580350392985e-01,-4.674942135875530536e-01,4.225295773779822461e-01
1.586297689190610871e+00,4.166329154562431469e+00,1.319092830263376807e-02,-1.067706863311552512e+00,8.576848718421818951e-01
-9.900538061458148409e-01,-5.580962307673759115e-01,-2.544337864070212452e-01,5.810756215705192851e-01,-7.323065961743153718e-01
-6.119280424443622746e-01,-1.061918582050157683e-01,-3.843205635126864528e-01,-2.622142934998798136e+00,-4.739453705511504356e-01
-1.179879053640188635e+00,3.458560684054444168e-01,1.036297460881812293e+00,-3.414784608180963410e+00,-1.105903184584506427e+00
-2.076502233689641486e+00,5.109944825486658626e-01,-2.314956445349214964e-01,5.242394861621857416e-02,-1.830835951979051579e+00
1.173259148662822771e+00,9.237340230054633117e-02,-5.016244554001686451e-01,2.105527536161247326e+00,-1.490336952278322746e-01
1.694143841293560326e+00,9.182345421606638580e-02,3.778021343336069315e-01,2.603704446102833359e+00,1.991515505218917292e+00
1.875080830383510366e-02,-3.911327026249500904e-01,7.745824139947513065e-02,1.318907195631437546e+00,1.334872898382790662e+00
-6.996993135377113093e-01,-9.854702633818743784e-01,-4.495693545524704487e-02,-7.623504696182379359e-01,2.198923559297272790e-01
1.476467768336803821e-01,-6.660166575118097176e-01,4.633048913338805863e-01,1.217653914983841901e+00,5.211437132691887353e-01
-1.253692156671151414e+00,-2.109704265935481438e+00,2.897504421610801462e-01,-9.782436445925981605e-01,-1.706592917936371467e-01
-2.187663068555603552e+00,-9.407914100823675518e-01,2.147753872568709532e-01,-4.024469662726483321e+00,-1.289895088325409889e+00
-1.784361572158157383e+00,-1.181898301174435062e+00,5.717621466209134029e-01,-1.269939416924921405e+00,-5.539823800454546365e-02
1.967961143971924676e-02,-7.725790997763386514e-01,1.681938281269585722e-01,9.638438736615144720e-01,4.480383524203866985e-01
-7.841668065712177338e-01,-7.930766234434436512e-01,-3.658291233198942005e-01,-3.574026183964237990e+00,-8.430479989105558181e-01
-1.647954525620427768e+00,-2.528602851054692069e-01,-2.148300773097130689e-01,-3.863777314571175125e+00,-1.819978083766631283e+00
-9.931392085391959057e-01,8.058245638163924474e-01,-3.089318721424588188e-01,-1.300630301005662792e+00,-1.168842309277041913e+00
6.446551817218904024e-01,-5.512201982303692738e-01,1.243632786249646016e-01,3.504467913225308262e+00,6.663235162233762665e-01
-1.407080641782224806e+00,1.617291587566832556e-01,-6.392352701945949178e-01,-2.182523538496175419e+00,-1.926651469529229166e+00
1.355078291027846049e+00,4.814036305389360337e-01,-1.086611987051567807e+00,3.595043640525450446e-01,2.420262740667218082e-01
1.869100068948399418e-01,-5.601784064997826773e-01,5.227507114912684910e-02,4.123544528479976989e+00,8.510179146424525776e-01
-1.109409241103204602e+00,-2.582330628854378474e-01,-7.925445703628398730e-01,-3.138910715846592758e+00,-1.151164774402726465e+00
1.230782358393445186e-02,6.329923372848959007e-01,-1.157505317460628236e+00,-5.891950569719011099e-01,4.394058854743984055e-01
-1.390163660581353655e+00,-3.026145630781441387e+00,2.213817705032877503e-01,1.223631659201280142e+00,-7.821021217060031283e-02
9.496396957793269422e-01,1.170718812667558506e+00,-4.216480994965150497e-01,2.045524003044143058e+00,2.774184860536849095e-01
-1.801490266637796323e-01,-8.414038296866174216e-01,2.941978779357979912e-01,-1.455607162952055056e-01,-6.765136198184044103e-01
-1.963168875816930559e+00,-6.573113049912806538e+00,-3.147914626217769851e-01,-6.061231366612469529e+00,-1.523990398631649423e+00
1.390139929069145186e+00,9.508880736524145671e-01,-6.653135254472026805e-01,1.607981400622640056e+00,3.500641686004528075e-01
-1.590352337385877224e+00,-2.139868360987124518e+00,-7.373946130423162382e-01,-5.724381153316004944e-01,-1.268508826572663617e+00
6.431714138822695048e-01,1.588227625262043974e+00,-3.053471751701622439e-01,1.501787273401920420e+00,1.118343330282288939e+00
-1.783587863734787726e+00,-1.754014813753326907e+00,-1.621135258472693186e-01,-1.357904371050982162e+00,-1.881508100162359920e+00
-7.017167653848995768e-01,-3.751724913403343686e-01,-4.883043650314219941e-01,1.018963497383936101e+00,-9.331431112076209455e-01
6.777969909918163394e-01,1.186572281842570797e+00,-1.666944440126200688e-01,7.796198140512905495e-01,5.473010348056134289e-01
-3.013900805208135747e+00,-1.418291468995370064e+00,-9.108947366544012381e-01,-3.940180089699017341e+00,-1.933307729004107411e+00
-8.075895924105771506e-01,-1.773059404410035622e+00,8.591813026454868038e-03,-3.245341180360133304e+00,-2.793625105349941129e-01
-1.490103373577673640e-01,-2.032853163438139432e-01,-1.063617444190554373e+00,-4.600674848869739098e-01,-4.384703929770953912e-01
1.003966177705960305e+00,2.440591573654002033e+00,-1.149550386170319072e-01,5.682761837249346026e-01,1.322368411444491354e+00
-2.741262439693683550e-01,1.958721986598698894e+00,4.134890860227422582e-01,-5.184109201012772061e-01,2.849276388626671985e-01
7.108860704668912289e-01,2.494740473264491332e+00,6.475098111408206236e-01,-8.883818106359353539e-01,6.967259790021501642e-01
-3.962533578192650729e-01,6.852487759614044327e-01,1.016611945277194229e+00,7.991878534615048935e-01,2.883317883281858451e-01
3.846124476849100970e-01,8.697403046784490943e-01,-9.228644665984223616e-01,4.077929669361033405e-01,-5.854165665070250046e-01
-1.402615257022500783e+00,1.906454631148608803e+00,4.499171659701365900e-01,1.247950678839986338e-01,-4.361899219037673747e-01
1.938807904681132399e-01,1.012717380646606991e+00,7.153144059802001298e-01,-4.896166354516362507e-01,9.935453876087090297e-01
-2.705704731138882102e-01,-1.433818921169336846e+00,5.814614031115720172e-01,-4.323998794688370673e-01,-1.431288373421074622e+00
-1.522869323378048811e-01,1.394035093299310635e+00,-5.510805978970881869e-01,8.050980869076866941e-01,2.435243229386873098e-01
-1.369761985247848202e+00,-8.788858370114123186e-01,2.441917878512317452e-01,-4.973560573881349534e+00,-8.343446982116118349e-01
-2.853536456637661978e-02,-1.460395382083606419e+00,1.102996151944760861e+00,1.949389521740959585e+00,7.932127328483000728e-01
2.705143550371877037e+00,2.470792768506987480e-01,-8.878696969054833410e-01,-9.954007378722886656e-01,1.723411305446835406e+00
5.244890459643798408e-01,-1.420087365806307067e-01,2.824639381792685700e-01,-2.669134216677788274e+00,-6.898434909885226007e-01
1.435088570017553522e+00,1.554407206860793034e+00,6.595781749143887485e-01,2.551684112233714607e+00,6.970419076081857401e-01
2.981287960479721555e-01,4.960990555253074752e-01,-4.130721575826601932e-01,7.888597940617716464e-01,-1.849733019767028364e-01
3.629674943772476792e-01,-7.615420491599717012e-01,3.456961051346186253e-01,-9.929945791705289126e-01,1.500184606403376364e-02
5.240841972758017997e-01,-1.070380141019973141e-01,-6.350295494384387007e-01,-1.171332005700230550e+00,1.691963701270631781e-01
-1.427679948919411634e+00,-1.012601403821755675e+00,-4.816323259954127245e-01,-1.359750645299596661e+00,-1.489137953243650614e+00
7.212153945091415164e-02,-5.765070846494710910e-01,-4.845211794135144689e-01,-4.217665810613421939e+00,-1.092329640785379308e+00
2.048550373966142146e+00,2.255205727760655421e+00,1.140367221012494603e-01,2.908075731015105081e+00,1.771178380694546473e+00
-3.209055279897016222e-01,7.366463444613908784e-01,-5.395106599849704143e-02,-4.217488982774408868e-02,3.256988385062632441e-01
2.601893825119905301e-02,-6.650653437527470624e-01,5.657816689805502675e-01,1.926086764294252518e+00,6.050523151852279513e-01
9.357426268625459453e-01,-5.702858676603254073e-01,-5.575769909713377270e-01,-2.274033029268479056e-01,-2.371995835916995699e-02
4.132359575180941658e-01,-1.056610918365569640e+00,-7.784527047123279697e-02,-1.575358271123893150e+00,1.050357351535690653e-01
-1.922780474271852114e-01,-3.342587788725874809e-01,5.699096306193377481e-01,8.931094858899643052e-01,4.504157246774466161e-01
6.647247163045495455e-01,-2.647587902263618620e+00,3.325357796054586590e-01,6.497934000767839890e-01,9.385778152710231304e-01
1.563222207220292148e+00,1.089917160493028003e+00,-7.855003039256578390e-01,-7.258972669504870634e-01,1.178896009092068820e+00
-4.886180368257703188e-01,-4.806510209065553152e-01,3.944597550079302906e-01,-2.185950745324582112e+00,-2.805708117403800106e-01
-1.291910405128032791e+00,1.233480972734408265e+00,-2.836974657936833233e-01,-3.836207807605196862e+00,-1.765027647509113784e+00
5.548733514466108740e-01,1.712343929857309321e+00,2.285307233842849006e-01,2.614667806168989306e-01,1.431518697952939845e-01
4.171411127614333969e-01,5.612361146323141536e-01,1.783007603951551612e-01,2.037747623538142872e+00,6.539920284334790335e-01
-1.294392523098000458e+00,-1.807340147837987798e+00,7.230450448833348753e-01,-1.956706199037308302e-01,-1.180922852492734543e-01
-1.087203456736042240e+00,-2.177673497915417311e+00,6.911898762959435560e-02,-1.314387109254035568e+00,4.532591803169511158e-01
2.346511963869841288e+00,1.465608353420344345e+00,-1.099290076773522085e+00,7.885276316693599075e-01,1.086137075165941601e+00
1.560293045537294976e+00,1.489943804096780067e+00,-8.123143953691669417e-01,1.869781439322868888e+00,7.666335290798687030e-01
6.113029238229383822e-02,-2.454686088872595651e+00,4.335679225333776143e-01,1.915120381059080001e+00,1.746239270878470473e-01
-2.201003038764753228e+00,-1.684014519596398474e+00,-1.531792439332813616e-01,-3.761166319216940224e+00,-1.787813120283769486e+00
1.001473210627238153e+00,1.943818773838818403e+00,6.748112666835206497e-01,2.283154726586429817e+00,1.438314367975973340e+00
1.366602705489936787e+00,1.319841924387060161e-01,1.621467402688649695e-01,9.172703728777299448e-01,1.197685156879516599e+00
1.038570298844248452e+00,3.617226266703231996e+00,-4.441891910215309269e-01,-2.912968576946103116e+00,3.679847899083528162e-01
2.358061339249077903e+00,9.207019963058917789e-01,6.418573963349137879e-01,-2.750541691193459926e-01,1.376143188327251021e+00
-3.996547603381175318e-01,1.654497170479161561e+00,-4.787795059647188545e-01,-1.636191527954840463e+00,-5.845789674272671155e-01
-7.175238532309972106e-01,-1.499268970060018691e-01,-1.217194248956008140e+00,-2.504389855543244447e+00,-1.323708564667422261e+00
1.068855087999992737e+00,-7.989931577705068344e-01,1.223812053161522417e+00,1.953458679264655551e+00,2.015494609543971194e+00
-3.449530343496862272e+00,-2.582637280055095630e+00,-1.133056763202453299e+00,-4.069216890921736329e+00,-2.442734650132240670e+00
-1.681242691716393622e+00,-4.821633020035009487e+00,3.773870561959346559e-01,-1.312996491016803713e+00,-1.479219702998659347e+00
-2.295076198202141704e-01,1.987293498483293952e+00,5.567305881592392591e-01,-5.607124263824233568e-01,7.399659111629512953e-01
-4.226744351886649875e-01,1.414470773427595418e+00,8.720872364495659002e-02,-3.194976584042690693e+00,-5.396370375220489457e-01
-4.295817293035311124e-01,-8.982092718943829324e-01,-9.982390680304448205e-01,-1.504138380804245223e-01,-7.415652392872303933e-01
8.845707793793579077e-01,1.874749317152099470e+00,6.018946554644328817e-01,9.962281517015836307e-01,1.539799264913416454e+00
-8.039735286302904793e-01,-2.613141451441996832e+00,-8.548223561548359273e-01,-7.050047302308966035e-01,-1.523812258734732694e+00
1.266198389400844393e+00,2.803822178423660105e+00,-7.967595587839295668e-01,-6.321857071653327331e-01,5.308612690725242889e-01
1.168803532817035418e-01,8.413357057926270643e-01,-2.144660308323812770e-01,1.264778418189021369e+00,-6.197057913457708622e-01
3.588057836761349151e-01,2.986977461195112760e+00,4.675760645381816238e-01,-2.613002552404878553e+00,-5.224265572653976619e-01
-1.282322471934054686e+00,-3.012414785752526303e+00,1.779648255204235585e-01,-2.229945530842966761e+00,-2.668816962735919285e-01
-1.149525930039465349e+00,2.543235877713999837e+00,4.807782437348876448e-01,4.320425460096188885e-01,-5.175580450095791374e-01
1.451254060760551967e+00,1.653968318237305279e+00,-2.630767698159874324e-01,3.334414109101154544e+00,4.229809469708101788e-01
4.961840967099988564e-01,6.046701604122959317e-01,-1.021031280601547991e-01,-1.941184826734604130e+00,-5.404504353516801363e-01
5.310594500256450301e-01,-1.547489966932741767e+00,-6.743118070650265805e-01,2.212800134351252890e+00,-1.977759511608262188e-01
1.680442330007952734e+00,6.320431243816984068e-01,-1.878983413277986736e-01,4.617421688428530402e+00,1.743430006913422092e+00
-1.171063214393639029e+00,4.681196812320732592e-01,3.517196172268823307e-01,7.235610325349042249e-01,-4.046598398068456115e-01
7.466360889910594878e-03,-1.084823545147461710e+00,-1.777953180205982531e-01,-7.003212917253012204e-01,-2.811035474682272439e-01
-2.041788971417623166e+00,-2.442142243339655572e+00,2.819432058923060924e-01,-5.464174390087286781e+00,-1.591932453640621858e+00
-1.480739885003397927e+00,-1.903453357357973941e+00,-3.399464343510871789e-01,-3.903831234748254886e+00,-1.128877770510582579e+00
2.585958894349155157e-01,-9.452935155980359827e-01,-3.512828444049557741e-01,-2.307979257577746690e+00,-8.111104951760133019e-01
1.465385365465861955e+00,2.025141687714381522e+00,2.322665421872424987e-02,2.968586208083441313e+00,1.708173543053455923e+00
1.506482581429725576e+00,2.114409048308083516e+00,-1.155629645350244317e-01,1.263087526256373661e+00,1.226422467525261073e+00
1.448584249730740403e+00,3.011853569199620217e+00,3.512790788008631204e-01,1.242558052076593755e+00,1.788927748849420407e+00
6.184684328670727593e-01,8.732978433726565903e-01,1.057244970443342175e-01,3.645472156307937306e-01,1.826440699995321437e-01
-2.420832345332879942e+00,-2.574803940753356724e+00,1.032009576665611217e+00,-3.455877802560019418e+00,-6.662354840212187934e-01
-1.312482364419252034e+00,-1.323624310721297714e+00,-1.301582514241493571e-01,-1.731767704947481112e-01,-6.027704439752685772e-01
-4.716804776368161978e-01,-2.055604336143955990e+00,-1.347587612258523970e-01,-3.020423744978923075e+00,-1.188013918237592392e+00
-1.395296061488358941e+00,-4.589736096270323196e-01,-6.167882918792446656e-01,4.711803115854664714e-01,-1.192129701123393115e+00
6.183855488374655485e-01,2.452405536057106872e+00,1.350712819385833409e-02,9.921988436492003016e-01,5.915319455485980038e-01
5.551236071924918747e-01,-3.188036461020452572e-01,4.049113706850314132e-01,-8.323655503476211637e-01,2.890388560790799755e-01
-4.460373695853241949e-01,-7.670456222878244690e-01,-4.389886044620396888e-01,-1.761755862230916403e+00,-7.187453445155546072e-01
-3.379809033956481246e-01,9.423932507510854872e-01,-2.945520152988617690e-02,-2.554140694536983780e+00,-1.841887324075211496e-02
9.426151355420849809e-01,1.306281166488741707e+00,4.260976449609559236e-01,1.336051024940901666e+00,8.428637582053849497e-01
2.137992197831096064e+00,1.721931378104628374e+00,-7.525597491271379669e-02,-4.466043192668243123e-01,8.929015978910908036e-01
-1.821887660400795195e+00,-1.665926779660921619e+00,-3.078437135227620192e-01,-1.576181397404484930e+00,-1.091757979602749451e+00
-2.295508981669580173e+00,-1.564280099753563524e+00,5.770354171761027384e-01,3.296143845525696392e-01,-1.143352799251101448e+00
-3.115388589785147433e-01,-8.117512412108782716e-01,5.753172287783228644e-02,4.637929811871716046e-01,-5.248026982786474504e-02
-1.876587987118186751e-01,1.323579952434655205e+00,2.351591569883184074e-01,8.034103715722539230e-01,4.429417810323583310e-02
-1.829450207601745482e-01,3.443055356104218756e-01,6.946256971160795768e-01,4.745079856248025862e+00,4.698639184164864480e-01
-1.447658038016359505e+00,-1.730138323918971821e+00,6.791619571905028740e-01,8.791049087807412121e-02,-7.807007353233359481e-01
8.383347827722135159e-01,3.378742298529788357e+00,-2.058889327486789211e-01,1.764071371415901757e+00,1.473650559753486577e-02
-5.551615376859020401e-01,-9.677426073690363895e-01,-3.115750605475811619e-01,-1.586881822416258192e+00,-9.252371148955911284e-01
5.138845371378174265e-02,-2.205052756816731074e-01,1.685926201624815823e-01,-9.872267013857922713e-01,6.973966835794267460e-01
-1.182449214646653646e+00,-1.720279501867827965e-01,-7.874180465752179947e-02,-2.067856291358072252e+00,-1.894429316890306136e+00
1.912682260711565663e-01,-1.460624527188273625e+00,-1.126600539804286205e+00,-2.049677986264035301e+00,-1.740655393230335357e-01
1.227573168577203333e+00,-6.336989339020555889e-02,7.562779473098932836e-01,-4.125874252497634842e+00,4.780053636913569326e-01
-1.844351880437654911e-01,1.003723410107968256e-01,1.148109169369765023e-02,-2.886873442316835181e-01,-9.560453789655117829e-01
3.635628508433462747e-01,4.666578806688181924e-01,4.366654588449216945e-01,4.575763710924433680e-01,-4.922147315579511462e-02
1.700708253501147293e+00,5.621028394477852741e-01,-6.955288899521233636e-01,-8.394170945613677048e-01,6.617220893469182297e-01
-1.811594654707084473e+00,-9.490155887558853198e-01,7.638930325836720270e-01,1.442869226149079864e+00,-4.557120292922882676e-01
-1.951054233885145983e+00,-1.648165064213612530e+00,-3.488345113036569467e-01,-3.190018389128987053e+00,-2.391561142243713078e+00
5.570965919489376805e-01,1.948509258141466916e+00,-6.384559855138141615e-02,8.054710969010494548e-01,1.216268301462625434e+00
-3.098035194251403945e-01,-3.883352014525450757e-01,-8.310321250217875821e-01,-1.561284869645057638e+00,-3.735642862001276043e-02
1.522352874915315457e+00,1.955309625095688730e+00,-9.899968045722268295e-02,2.981795316042973543e+00,9.152491724335940493e-01
5.713259116221974798e-01,8.076389948652212825e-01,-1.362716488782280411e-01,-4.853702694161547426e-01,1.669486558940311838e-01
5.429711772048582130e-01,4.778642405297234497e+00,-1.099171193956530734e-01,-1.034920204775438002e+00,-1.835346716725490546e-01
8.678886503746936487e-01,-1.708328866732256868e-01,2.600293373423993026e-01,5.716169141155108546e-01,1.031236932174475207e+00
-3.977848366074334674e-01,-2.946446176219283508e+00,3.578454074178592792e-02,-1.519258472869925658e+00,-2.162375139612267849e-01
-1.305688262951469447e+00,-5.617675185457419174e-01,5.786302510643344110e-01,-2.471820924267122965e+00,1.465861796834611042e-01
1.545986689234834399e+00,2.158205203266849725e+00,-2.776135601665266628e-01,-4.604388462480714095e-01,5.506672744329285107e-01
1.019719593192764284e+00,3.386411057732338747e+00,-5.906284048327932190e-01,-5.357612422640029015e-01,6.717784713968721899e-01
1.094777976790745733e+00,3.118570517346533233e+00,-1.132991702836734504e-02,2.010430879860974684e+00,7.199410618025147146e-01
-1.508971174630072687e-01,1.191498196880580895e+00,3.726165492768762078e-01,-2.516195400203180110e+00,-3.495034031082895343e-01
2.896711996636817332e+00,2.856581713900722352e+00,7.380612885040405136e-01,5.343442254595796470e+00,3.343079061377861372e+00
-1.831073841614930364e+00,-1.745338655063256805e+00,4.826480329685252646e-01,-1.906794556604407553e+00,-8.495156632596589930e-01
-6.410880296796401812e-01,-9.818507794612632011e-01,-1.046890311934774997e+00,-2.125368453292304949e+00,-6.574365009295073392e-01
-3.845858290765445386e-01,-1.622724517841102276e+00,2.235921882386754656e-01,-1.174238350281323839e+00,-7.010879398422721342e-01
-3.752008897757787009e-01,1.106843800114129195e+00,8.659872228513407766e-01,-1.803657506210214478e-01,-1.811154509747494867e-01
8.695790574904054271e-01,2.373526592761901810e+00,3.710721797935798844e-02,9.954020781533868822e-01,6.545740739265363262e-01
-1.303413342241760420e-01,1.253253081123304191e-01,-3.060085245809247012e-01,1.998846851685910364e-01,-5.515266009468700048e-01
1.984150866577004457e+00,8.047929599924185107e-01,1.833295830570455254e-01,2.576635651877421385e+00,1.758022624369816711e+00
-1.718256408329577267e+00,-7.513213286976175853e-01,-2.984179346784249787e-01,-3.844574026843987191e+00,-1.095964451170555520e+00
-3.787937558560322548e-01,-5.878228978952237949e-01,3.789883137236116917e-01,-1.686330717836241888e+00,-4.675969589487496414e-01
2.891458820689822296e-01,2.922813137004265926e-01,-7.705603777518388320e-03,2.925902064677739389e+00,2.930140250123882684e-01
1.105910742255548529e+00,2.821988856262149792e+00,8.260364493311059819e-01,1.322670718216030661e+00,1.183515848849176821e+00
1.736721756237687986e+00,9.213994263855840305e-01,2.962006017871748886e-01,-2.091425617456377672e+00,1.249994845927586251e+00
4.422532846046576260e-01,9.952225718214070538e-01,-4.292570570270826114e-01,-4.010532045561854830e-01,-5.194776320923678581e-01
5.282204061652118199e-01,1.992521283849356672e+00,3.585408702688784310e-01,2.811884827492482586e+00,1.111513089120597098e-01
1.370190083928315872e+00,1.225189806374689772e+00,5.550464531494474496e-01,3.534968379466647992e+00,1.329858420470588554e+00
5.651851797058773386e-01,-1.203590837960622606e+00,-3.370891687550129356e-01,1.028071363077707412e+00,7.366041112422376802e-01
7.370245017407084376e-01,3.178895950019887451e+00,-2.524922207889674919e-01,1.706521324683583918e-01,-1.342557187126461327e-01
7.165860004625417279e-01,-1.626537164351794795e-01,-1.366952784410563559e+00,1.538097640093542218e+00,4.102638851410971288e-01
7.017786042826372750e-01,1.089626985055481417e-01,5.357115619446048971e-01,8.383315654612601975e-01,8.506576201044645513e-01
-1.161700463731552141e-01,-5.858301044266099600e-02,-3.485330215998598269e-01,-1.943636489503846043e+00,-9.203413825980927276e-01
-2.319529150915392579e-01,1.151667105956557302e+00,-1.258533997496491752e+00,1.741221998891277156e+00,-6.434167518956303011e-01
6.665835762726315394e-01,-3.092126283326038227e-01,-1.048865583964331050e+00,-1.584551427300959769e-01,3.691677084353408578e-01
9.717552575266341641e-01,7.319036478379683519e-01,-1.322074216953007808e-01,2.517777192519312202e+00,7.298528174312087780e-01
6.374384557889878344e-01,3.124983368707244136e+00,4.510644669679913510e-01,-8.338907889994962019e-02,1.873808999532740494e+00
-1.198586105577327032e+00,-1.330970141599932655e+00,-5.281451157010686598e-02,-2.109873551112071866e+00,-6.823016301151793028e-01
2.765799721339279316e-02,-3.241741995622431372e+00,2.797599344254553810e-01,-1.013540622170888916e+00,6.282441898323656293e-01
5.270108560592110525e-01,2.345136342029101595e+00,-6.531792933872880846e-01,6.766324387851001543e-01,2.493044257378875667e-02
-1.753271616563029545e+00,5.389777473576067290e-01,-7.954176571717371802e-01,-2.395224570609810755e+00,-1.096294306308924327e+00
3.336342401469810648e-01,1.270704777111950179e+00,5.252244091601709908e-01,-1.975121674587242637e+00,-7.458082491156399207e-01
8.002458569003954025e-01,1.313095087550923523e+00,2.918372029267252699e-01,-1.133284804013915847e+00,2.501045863928321733e-01
3.756932930902934786e-01,-5.988454660174236110e-01,-1.809147144791673281e-02,2.973710036948080671e-01,5.676329150345563179e-02
-2.099777744416377601e-01,3.737759037231094261e-01,7.602693042719923522e-01,2.188979590931037222e+00,5.141232820381778090e-01
3.718675976739260758e-01,-3.017256926202368295e+00,-5.640473189606878268e-01,-8.679783814417285637e-01,5.788704068336944508e-02
-5.409027507601101847e-01,-1.146134956964994095e-01,-2.492141190540076989e-01,1.038899941285667428e+00,6.685841873110182076e-02
2.757828973293899866e-01,1.806072759132918426e-01,6.086288949606541987e-01,8.515923534430898112e-01,6.893697606471045347e-01
1.890177408560367311e-02,-2.058919617571113747e+00,1.089795414689421316e+00,-9.868022717198698945e-02,6.867838977371203413e-01
-5.464547807105434307e-01,-1.212385866071104878e+00,4.996304400816125105e-03,-2.366117116044186286e-02,-4.445694667818869128e-01
-2.460552063319833671e+00,-2.046097851952666802e-01,9.959397836101906432e-01,7.318498237235251391e-01,-1.071248658543573207e+00
9.882291342220372865e-01,5.822308621699756603e-01,-3.572833328115492812e-01,-2.918353301247599951e+00,9.179788949287146504e-01
9.575551227765283224e-02,-2.999626601538809556e-01,1.955386707075055241e-01,1.806721009181952997e+00,5.594456626737315252e-01
5.985990454930072424e-01,2.481472413442340486e+00,-1.030758089919056320e-01,3.809546610617789764e+00,8.109641257562227867e-01
1.796386812698202551e+00,1.324995621721249961e+00,-9.418169369270801283e-01,5.046524188931643673e-01,6.080083425410317544e-01
1.780372016785511047e+00,1.450324836875843904e+00,1.529755526176557745e-01,2.386243912882475726e+00,9.291958763181884517e-01
-2.120978933122268373e+00,-3.128485753220438426e+00,5.531121125021926099e-01,-2.552552770011302652e-01,-1.400620581525564123e+00
-1.804296848974504375e+00,-7.120893472548283087e-01,-8.792100113414733076e-02,-5.815186507845626629e-01,-1.091366178441574242e+00
-1.580613544899584832e+00,3.606126617252936595e-01,-4.177925059071113667e-02,6.034803759139067969e-02,-2.590474071790608290e-01
-5.283553646382532776e-01,-6.726014337767398654e-01,8.259932718423279585e-01,2.296708991337943484e+00,1.941066552527910272e-01
-3.701112336470067654e-01,4.073306197258631522e-01,-7.410688182863580664e-01,1.262227529325079534e+00,-3.845585760281007848e-01
-6.578851961819838223e-01,-1.012164800873468273e+00,-8.880562969628118530e-01,-1.970799444473928963e+00,-1.771276925614482245e+00
-3.380259956992355708e+00,-1.487311602845282854e+00,-3.878392837722846598e-01,-3.738174910400604567e-01,-1.107505104769752169e+00
-6.441687885405104896e-02,-8.751542245542602572e-02,-7.095864645734796250e-01,-2.681299463400845795e+00,-9.862249461578008747e-01
-1.154169049708803296e+00,1.558336741470213727e-01,7.983373366246652170e-01,4.847411807952941576e-01,5.747513064767897362e-01
-6.587445896660918399e-01,-5.224100296433175084e-01,1.836428393192899022e-01,-6.129939461794463584e-01,-6.418505248596619861e-01
2.115620021769777814e+00,-7.311311974625078758e-02,-5.123993776408130030e-01,2.066154942354138324e+00,1.670988502828175903e+00
8.475380008767846585e-01,1.723131501548672340e+00,-3.643805735972571180e-01,-1.012762882078699356e-02,8.111529212075410111e-01
1.423077819306332037e+00,8.999507586980070029e-01,1.696586908091876733e+00,4.392933126170508018e+00,1.882855354907146284e+00
1.104130045313344910e+00,1.454048755845300578e+00,-3.617778667748508536e-01,1.159686928648119064e+00,4.766467981519459940e-01
1.248892018562794970e+00,1.076975697504805485e+00,-4.518737199890839329e-01,1.319165800103751396e+00,1.257112010100527311e-01
2.477456966200918820e-01,2.128403471347890819e-01,1.804513931773123192e-01,-1.742440858554463734e+00,2.344067213786861781e-01
-4.309370688816976935e-01,-5.650794311492465249e-01,3.784779227319167161e-01,-1.949224088674724742e-01,4.760073844058195780e-01
2.735996034259108534e+00,3.284735694851588672e+00,1.314553206952738806e-01,1.624419864516746470e+00,2.122993186388617559e+00
-1.123251432799027061e+00,2.751932789590025852e-01,-5.388069019878407584e-01,-2.209090810372669633e+00,-1.503378428389966714e+00
1.144077329175838820e-01,1.434915630306335288e+00,-6.873874243418134355e-01,3.054804900512531063e+00,3.228921924625156037e-01
-4.494946934835425401e-02,-1.047694543585886207e+00,3.535059439719727137e-01,3.374599106104017476e+00,-4.727963486377844138e-01
-1.095841920491545718e+00,-2.472774427869979696e+00,-3.213428906913871896e-02,-5.187878259410716453e-01,-6.530522646057933533e-01
9.174890157223514198e-01,-2.115229307769503908e+00,-9.733548715134173746e-01,1.506238199687164325e-01,-3.448786758891706494e-01
-1.818291089136228611e-01,-4.903940549720197661e-01,6.943929737460281526e-01,-5.207802505888572409e-01,-1.699421228226125624e-01
-1.090470897234572245e+00,-2.035042717600093809e+00,4.597630747580013777e-01,-7.677251403279933273e-01,5.844203912180123694e-02
1.098085331668150921e+00,1.474796584316896642e+00,-1.428836658642368973e-01,1.950463203864497341e+00,4.321091616021816018e-01
-1.797718422350002898e+00,-6.659652437177204787e-01,-1.543341468155724205e-01,-3.308815812540296886e+00,-2.090890538638131790e+00
1.075299006901151211e+00,-7.662245105697121916e-01,1.372535562987728663e-01,-9.615136165738692453e-01,5.226790418855622455e-01
1.204113106281204049e+00,2.954978455859524900e+00,-4.073902534877529846e-01,2.282515134645957566e+00,1.000908429767684016e+00
3.464931903379114275e-01,-5.604725818240766655e-01,-7.995370662185007360e-01,-9.599125349584888278e-01,-5.588920443823516271e-01
-1.170756550975959653e+00,-7.400641240886722816e-01,1.912501060264303610e-01,4.368567022467348404e-01,-6.543756806520140135e-02
1.140601135448928716e+00,4.834901170917827784e+00,-8.533652911920817097e-01,1.599092477679066704e+00,8.568848224847911421e-01
3.515246542173267041e-01,8.290007196736693951e-01,2.316974523528583796e-01,2.048695905817974783e+00,3.975971646654490876e-01
-8.433876353883040800e-02,2.670198243191298504e-01,-8.546229642649696423e-01,1.139376302751587522e+00,1.089697217960958753e-01
1.769126286335872544e-01,-6.866150415809394447e-01,-5.883017421695849875e-02,2.818118179882367791e+00,1.058454798686744525e+00
6.830451167334775642e-01,2.318404641489766327e+00,-8.043598172497161414e-02,-9.074016801379016783e-01,-6.085486666835209224e-01
3.549298936416062311e+00,2.202153176762718267e+00,1.057082991163347696e+00,4.433355607941598109e+00,3.565045228935710409e+00
-1.990853455555543494e+00,-4.181659735023771418e+00,-6.311696537876125834e-01,-1.099962628810440712e+00,-1.365389582445552863e+00
-1.094426073778761666e+00,4.257972337205934849e-02,-8.390500438252832538e-01,-1.290549177695921035e+00,-1.348423530874682807e+00
2.381510677678484456e-01,5.787306890129724213e-01,-3.831772846282911482e-01,1.218759866011729809e+00,3.082874748593172898e-01
1.919140994502789077e+00,1.106455446738826343e+00,-6.663631420828940444e-01,2.115551254065140441e+00,1.165657424728973046e+00
-9.618134316095674485e-01,-2.173668392835297780e+00,-3.497237961008469176e-01,1.994043842179874737e+00,-1.135525255719769033e+00
-9.223705527778692792e-01,5.741190162267654357e-02,2.495311657888592549e-01,1.024651204196313503e-01,2.759841366596224033e-01
1.105791847796137262e+00,3.166164855511126586e+00,4.577756173062655365e-01,2.166522437797602674e+00,1.062963061179983182e+00
1.839926529878750827e+00,2.145722766709243778e+00,9.841047924745610631e-01,3.306204130830581178e+00,2.380745948010869029e+00
5.975361096137062900e-01,-1.652973907713605639e+00,-4.368411056840406093e-01,2.218633187582821797e+00,5.177887339512737830e-02
-3.828101849947471158e-01,7.055566646293524036e-01,1.564629590833069406e+00,-1.525461715086122494e+00,-2.980735680328734372e-01
7.886766164599287032e-01,-1.183317649420395856e+00,1.175417932167581503e+00,-2.624791461451720931e-01,1.274399440649286230e+00
8.238931175032282450e-02,1.600738754903549443e+00,-1.206895474285906017e-01,1.765986474736575218e+00,-1.288825160495625788e-01
-5.901371882218791054e-01,-5.048997461042113777e+00,-1.358791275534612986e+00,-1.028139502802293714e+00,-1.762895610382065659e+00
6.501932687955109813e-01,1.749059718240755457e+00,-4.928484396395197559e-02,-2.528265452145641023e-01,-4.630574579571767879e-01
-9.114545318748594749e-01,6.167802371424232488e-01,4.299639910245615926e-02,-1.503517588200187660e+00,-2.771671980739763286e-01
7.633638557750208609e-01,2.039197219972548325e+00,-1.363433741561398849e+00,2.629360052674678982e+00,4.712166496358605738e-01
-1.030640730034112496e+00,-1.920737627050414842e+00,4.378162224498708538e-02,7.765700304803957454e-01,4.819490221040423350e-02
5.787430078826354407e-01,-2.833951385027279612e-01,-1.186896634275838303e-01,-1.181228394893450995e-01,6.098225944183923719e-01
1.262996880867360838e-01,-1.768674100480213784e+00,-4.659196690870607838e-01,-9.276757359450066298e-01,-1.539829717768696760e-01
1.087415323976764547e+00,1.048797029404025194e+00,3.715854338250358380e-01,3.241597580930878353e-01,1.031256566964769528e+00
-6.684334844533930120e-01,5.841548858355900542e-01,5.961624757803603014e-01,2.064606276729214152e+00,-1.217421794870225948e-01
1.929539670022832221e+00,3.642047898441768794e+00,-2.882986871938941209e-01,1.751014287469474962e+00,1.576050849253348485e+00
4.327944862327681164e-01,1.560601152854370843e+00,1.360794177350348466e-01,-1.457002005121181165e+00,1.086915539782311035e-01
-1.812152873028472388e+00,-3.747116083269789844e+00,-3.882856413911305871e-01,-3.581336921855683197e+00,-2.090438369139190122e+00
5.853048657143755662e-03,7.832537904613497970e-01,-4.664499445528318411e-01,1.310833686854759206e+00,-3.523349331894666259e-01
-5.343842663121974867e-01,4.401639152741442240e-01,4.714083464821372527e-02,6.709127854659570067e-01,-2.364625185562479470e-01
3.564572673351797061e+00,2.049651886681149282e+00,3.103842396327092801e-01,2.031546024644972803e+00,2.453371091350549982e+00
3.797661377225682866e-01,1.444674753487149577e+00,-3.340275588868132917e-01,-1.697698016146911293e+00,9.824335737194483942e-02
-2.386098062985223311e+00,-1.162360729190640818e+00,-1.312686101406383310e+00,-2.392857926265903767e+00,-1.160675373064511184e+00
-5.964308044286246169e-01,-3.111275072767447081e-01,3.473651014835593687e-01,7.391904769248573981e-01,2.345528600110635964e-01
2.225755073252234872e+00,2.208968266570346284e+00,-9.467443102300054925e-01,-2.584452500239389217e-01,3.012060483944104528e-01
-1.176596892100034153e-01,-1.116469394217703304e+00,7.234407764167406774e-02,-5.147482218751080474e-01,2.974213395383104031e-01
-6.024046887693328411e-01,4.930360008246231773e-01,1.054946427974289724e+00,-1.236615781262115910e+00,-9.935366688040496719e-01
1.602263429442006837e-01,-1.625013162711346659e+00,-9.979767803528988637e-03,-3.610119165123999441e-01,4.256438805780635715e-01
3.297686133239683848e+00,2.211757588827087062e+00,-7.055109674988335744e-01,9.816333081666774873e-01,2.124964973382156952e+00
-2.535479581540531768e-01,2.257074300330153438e+00,-8.664659288356184597e-01,-2.992589640814904417e+00,-6.090193398265144609e-01
1.616387828590071518e-01,3.317483844108347624e-01,6.940730741183741559e-01,-1.519312628915122643e+00,-3.370004728021547269e-02
-6.677671651279903919e-02,-1.508336654310895364e+00,-1.005030419813949909e-02,-1.852588005142044025e+00,-5.621500161636743265e-01
8.377824843238805830e-01,-6.901045037593278586e-01,3.200600329105867115e-01,1.609720621853225397e+00,9.506833470892472882e-01
2.055084481026281940e-01,-1.706392652196701276e-01,5.492885691143098992e-01,2.584000964950990409e-01,1.057267339374537984e-01
7.008089358270870317e-01,-4.358962169690890343e-01,-2.905791603307468496e-02,-1.689622706342981395e-01,8.968963804877171375e-01
-7.641476616195477245e-01,6.329347699129270755e-01,-1.829995159678765027e-01,5.194683523845673445e-01,-9.391494824668531471e-01
1.961430352056232618e-01,-2.470684154664767540e+00,-5.617685965796095360e-01,-2.350613790734254138e+00,-3.472383719171927563e-01
-1.928919256276974803e+00,-2.125332345138848389e+00,-1.827897382698751905e+00,-8.775943127533774035e-01,-1.866835181880145855e+00
-2.730416659335669571e+00,-1.552787101523404267e+00,-9.001605320151114809e-01,-4.827317082279021676e+00,-2.342671610779665681e+00
9.484824544855139372e-01,1.633994467608975931e+00,-4.126831863107870840e-02,1.617607607219883059e-01,5.372636676900501840e-01
-1.012600467422411388e+00,-1.999438743587815814e+00,-1.039287868874132909e-01,5.294821454787457249e-01,-6.026619507629118466e-01
-7.823795744123618334e-01,3.482960909499626112e-01,2.393073463906585929e-01,1.086689610965580588e+00,-2.127695896542529386e-01
3.014365037865668340e-01,1.625595972025766889e+00,-7.512414662197998416e-02,-1.187058777620348060e+00,1.224000981222122392e-01
-9.331626168439872693e-01,-2.518599467242570444e+00,9.449756029997798124e-02,-4.853465898701070369e-01,-4.681355975122517554e-01
-2.181111619111412825e+00,-3.369148878269041081e+00,4.671575419277820274e-01,-3.431060874284438178e+00,-1.301321123855659234e+00
-2.325638453073266998e+00,-3.275705295876758516e+00,-5.248236255115863447e-01,-2.420313139591671714e+00,-1.640675896407719270e+00
1.207055892080243442e+00,8.922388591953350767e-01,-1.702820310685213556e-01,1.789448670715647838e+00,8.823172271537564892e-01
8.948969034350098273e-01,6.775715291172926813e-01,-9.530626396377281928e-01,-3.871295083901880041e-01,3.758816770699243692e-01
-1.173734860503375721e+00,-4.005183081901447784e-01,5.769166038596919011e-01,2.223107161423615086e+00,-8.057249195735088909e-02
-9.930465262817683714e-01,-1.860134573089625931e+00,2.278147885030864725e-02,-7.538386491289199576e-01,-1.199583939439300639e+00
-6.469986026435257109e-01,5.625677385404095898e-02,2.904600870074913743e-01,-1.994023526820201120e-01,-9.952002171583282930e-01
-1.209503334293172472e+00,-2.773997233588727074e+00,9.146785252664865196e-01,-1.509175869846956175e+00,-4.862069159237540905e-01
1.092787119123187045e+00,7.831098314987197107e-01,6.401609001078437666e-01,1.053922213834644683e+00,9.868716478184405005e-01
9.505924736391919705e-01,9.396754382753006590e-03,-3.558031178792429167e-02,1.582347316560217987e+00,8.685998761114562816e-01
-4.367485261373062477e-01,-6.445908396119219563e-02,4.670902670898202658e-01,4.828412816000516861e-01,-6.887456019032210941e-01
1.529216855858732682e+00,2.470879270732333488e+00,-8.489875613549454636e-01,2.005802165885437471e+00,6.993827502438708654e-01
-1.743846983089846203e+00,-1.911648202887627601e+00,2.573043682245081953e-01,-1.691843470407646821e+00,-8.262045826540442839e-01
-2.304817688686162658e-01,-2.043638897638238916e+00,8.237241521369088881e-02,-2.549798056105938127e+00,-9.641110007538404858e-01
6.504443101600561050e-01,7.139932864390976519e-01,-9.596188525996296459e-01,-1.642750726275844730e+00,1.701309258434516303e-01
7.126338905109224076e-01,1.914247511901806753e+00,7.930186535586646324e-01,5.434660284503273431e+00,1.623552189062174023e+00
-5.208264414258094721e-01,-1.761465035305024740e+00,-4.175113829542017041e-01,1.136453834693127440e+00,-5.063670649656257794e-01
-2.722694116711906531e+00,-1.905041629058199959e+00,4.051484372236041631e-01,-4.051812261734069054e-01,-2.105224103607915787e+00
-1.165007371295470717e+00,-3.614995692382403925e-01,-2.490176076593906551e-01,-1.792378781609550442e+00,-1.221841304056154209e+00
4.959665021182426692e-01,9.762753446922985967e-01,5.891619271215066123e-01,3.956534392312747617e+00,6.044753185757403280e-01
5.175776708214326893e-01,-1.410468726633194780e+00,7.781593299039401002e-01,1.427407613628581151e+00,4.850220727946437660e-01
2.648237193369410436e-01,1.652156048560844637e+00,-4.922118159718540942e-01,-1.851650181357958225e+00,-1.741712814436875201e+00
2.212369075206611413e+00,3.711078716419645041e+00,-9.075125521748677038e-01,1.466812941480440280e+00,1.794134000469492118e+00
1.007703911794795459e+00,-2.569347708113317030e-01,-7.792496816831204209e-02,-1.703249819495639361e+00,4.022579009820762552e-01
-1.201767302722052566e+00,-1.023456422760212536e+00,5.033998701994947256e-01,2.431834757974828953e-01,-6.491058534176150641e-01
2.321869155675687857e+00,3.797267588835337104e+00,-2.201847464260771048e-01,2.603697298232825474e+00,1.945951923623935986e+00
-1.807286373831062498e+00,-2.443045874629176772e+00,-3.638139236021092349e-01,-1.661753549721483036e+00,-1.296115716928123440e+00
3.031687719155832461e+00,1.935025600757497966e+00,2.895469515242891090e-01,3.841318409504386189e-01,1.958719157460357518e+00
1.030385517736239320e+00,1.741436698728785260e+00,-1.637554824992311753e+00,-3.397605502925626464e+00,-1.980761828258012502e-01
-6.117664651411502952e-01,-2.776146626246843052e+00,-3.941703093286596515e-01,-2.180731009381021490e+00,-3.425385937306373862e-01
-9.690403694587634842e-02,1.113851626282097440e+00,-8.205786624693300890e-01,1.129766296599328923e+00,-2.057719062448655212e-01
1.528825505050390721e+00,2.491006415254731987e+00,1.748218538496012220e-01,4.307838820920239620e+00,1.031244751933928949e+00
-9.173363264164460240e-01,-8.286336148344204400e-01,-4.365891552357630823e-01,-1.583734825764529841e+00,-4.376194024974955910e-01
-9.205769397352019379e-01,-4.227670464732891098e+00,-6.612843121023180837e-01,-1.234840719766123973e+00,-5.615397031678167616e-01
-1.990846395425956761e+00,-1.514821038367313744e+00,-2.098186785963424006e-01,-4.659517536407865812e+00,-1.716907079310730388e+00
3.572185774462686148e+00,3.303036416605727332e+00,-8.707528829582797947e-01,2.695470364120253759e-01,1.454701882888718600e+00
-8.237951223293683567e-01,-1.964776113709921113e+00,-7.782260864096080324e-03,-1.361695997745826503e-03,-3.941182307655994865e-01
1.437800444567681746e+00,1.682255102712016503e+00,-4.046406181153880954e-01,1.514531035775397161e-01,1.068975476833193161e+00
-1.858511785576841158e+00,-2.385361329168255828e+00,-2.238060674475846612e-01,-1.909251742612411151e+00,-1.619695553686396172e+00
-2.493168282461929453e-01,-1.004198819254358943e+00,-4.252563901827294823e-01,1.147211209526453501e+00,-6.171213202616165905e-01
-5.627037467659298242e-01,-1.468780305865964086e+00,5.409636304043740074e-01,-6.840693967623029392e-02,1.770671123076201225e-01
-1.722528956838349501e-01,-3.225131532339307050e-01,-6.454924655959040636e-02,-1.910061350279607550e+00,-6.906806096374025483e-02
7.729081923974256974e-01,7.599971828519418438e-01,3.110307619878537877e-01,4.393892642772736501e+00,1.393879880113166436e+00
-1.340863162564427613e+00,-2.729200775103661145e-03,2.845083617473919135e-01,3.189872161942853834e-01,-4.963926747791861938e-01
-3.622364117168312081e+00,-1.645430991743454641e+00,-4.780402075667121164e-01,-1.559746683028714553e+00,-1.472856204526883817e+00
6.047845887027125666e-01,-2.333896080188582467e-01,3.379890287388843118e-01,1.597686250799097651e+00,8.621533078298198038e-01
-1.684828103485975115e+00,-3.973659902250132325e-01,2.070181605045284812e-01,-2.263764529332899400e+00,-1.504558982804728107e+00
1.542591313878453052e-01,-7.890362853868690962e-01,1.859907576573331944e-01,1.212099647050383755e+00,9.870131636000678554e-02
-1.965717939936176162e+00,-1.092051052212106077e+00,-2.364215017765789184e-01,-4.112689229055088269e+00,-1.509677418879441513e+00
-1.179903419316806978e+00,-1.294069764304396797e+00,-2.531146763866055083e-01,-2.342832893462632793e+00,-1.807910286706384984e+00
2.449777255441525803e+00,3.901228632901256876e-01,4.658252039045983062e-01,1.028764366603229785e+00,2.260357596765235400e+00
3.517758340599439038e+00,3.725577698578569574e+00,1.293882243555405154e+00,3.845745626938308348e+00,3.096740429162557096e+00
3.319102111512114289e-02,2.884380452396663463e-02,-4.922578788433158992e-01,6.951897003314748691e-01,-2.451175173894411530e-01
-3.457569449253660165e-01,3.404764784104816755e-01,3.169229423265108592e-01,-7.274888051568949576e-01,-3.582798670979967515e-01
9.631823930045479987e-02,-1.629333907438425655e+00,-2.171844291135804628e-01,1.963173460417762417e+00,-6.224435313583133178e-01
-2.728209685121465888e+00,-1.107716286838236197e+00,4.654128485422756034e-01,-2.254608196452302593e+00,-1.727050173854506321e+00
2.712479902080504601e+00,2.475638231055775407e+00,2.599158178810322406e-01,8.637894752499684081e-01,1.525049797070108237e+00
-9.332969960403842968e-01,-6.957308300215980790e-01,6.286448406075731965e-01,1.206922775716816054e-01,-3.027222745827320982e-01
-4.943741278417238538e-01,6.860277295763821392e-01,-1.657282028573989319e+00,-1.751750762338973644e+00,-1.668440203589244275e+00
8.158938535967438233e-01,1.435292558665191454e+00,-3.564365793362634927e-01,6.444293376806137230e-02,-3.662724564052673992e-01
-1.184404073094774912e+00,-1.111208308811683532e+00,-5.859848763826384088e-01,-1.267905831241695980e+00,-1.060873937622764940e+00
2.418856789465211321e-01,1.872232207370755130e+00,-6.403571017375185581e-02,1.541326199251506490e-01,2.320518200771799489e-01
1.491786421173144195e+00,1.225204500989161449e+00,-4.292458462109012274e-01,2.859317748962366679e+00,1.074297042522911250e+00
4.513162097056312438e-01,9.791370472783664791e-01,-3.800926950807469451e-01,-2.368411428692828391e+00,1.388605556110921457e-01
-1.582015141805749980e+00,-1.606079771672775269e+00,4.043366921519729873e-01,1.056324908228870596e+00,-1.040665876132217393e-01
4.571161918689771730e-01,1.666762993021025374e-01,1.127826148362872427e+00,-1.703288965275812084e-01,5.661591197922961616e-01
-1.202839983672894242e+00,-3.484256568303829127e+00,-1.674505927401215288e+00,-1.578710379206785364e+00,-1.111217462886811669e+00
8.181730291884405926e-01,9.088204224195724212e-02,-1.840940396415584879e-01,-1.455267074730367760e+00,-5.518688388787884591e-02
-2.157175254104996276e-01,1.356244412323270587e-01,1.850450697834081781e-01,1.477340459969951336e+00,-4.054125870063224335e-01
-1.182209740987715252e+00,-8.433875752957102900e-01,2.806685129170724199e-03,-4.529642600999352453e+00,-1.015568594002914438e+00
1.378313084751972672e+00,5.397013771504585167e-01,-2.046619768514487681e-01,-1.030448907588546348e+00,7.026296146266675091e-01
-1.462002085077707125e+00,-2.602334236432383374e+00,-8.025939900788647829e-01,-1.449522465189076126e+00,-6.170562261701562079e-01
1.598118674466897371e-01,-1.355265740684629128e+00,-5.589961620216353788e-01,4.139067976719397191e-01,-5.193539019923275601e-01
-2.797729479585656875e+00,-2.722486075023066388e+00,4.299077380390328718e-01,-5.061697825826549035e+00,-2.339726197325559198e+00
-1.012946372708509069e+00,5.072339368408301102e-02,6.379173870123537871e-01,8.663255095482002011e-01,3.481376081082276919e-02
-2.981708754143291840e-01,-9.624362049257527696e-01,5.732715144671276380e-02,1.471363273301366403e+00,-1.854880960720272642e-01
1.151864437444483968e+00,1.649824769373695821e+00,-4.958426354094079280e-01,-1.773541039024819188e+00,-2.838651212753536823e-01
-1.900988022077922945e-01,-1.540043785901694218e+00,5.675573731852613657e-02,-3.915802588861336808e+00,8.025500889776433777e-02
1.565391875501763508e+00,7.395331786791754514e-01,-1.423414123705631640e-01,3.075619649519619969e+00,1.480941174321203313e+00
1.277601171151778736e+00,-2.022213735380341271e-01,3.235385937112681964e-01,8.020793268147469179e-01,8.367496725068922503e-01
-1.751736955320601086e-01,3.353609077915019054e-01,7.015030438766524379e-02,7.857411981208448637e-01,7.285279859179446538e-01
6.242349826020960890e-01,1.136408259413065114e+00,-3.687155462520267935e-01,3.012647770905146238e+00,1.036537629575120967e+00
2.117984045840457075e+00,2.538689485258513567e+00,1.130673992303084241e-01,2.647457800406932016e+00,1.139883561978038973e+00
1.374281076817393421e+00,2.183450375955038769e+00,-6.993762859479737415e-01,4.125767619582384471e-01,1.021091354714499300e+00
-1.208765234500799535e+00,-2.580868537393909978e+00,4.862596343504981267e-01,-1.884106872840147107e+00,-1.660462219920380900e+00
2.398388948125661280e+00,6.986471783905886523e-01,7.011140714623763648e-01,1.276897033052712516e+00,2.084309771766855057e+00
2.202985204491145765e-01,-2.038809226266435015e+00,-6.988422294941954993e-01,-7.383426421262895278e-02,-6.072127712686650192e-01
-1.544103296814796966e+00,3.234537321413100130e-01,2.496770333625411009e-01,-6.465794132433003716e-01,-4.174793072643818714e-01
-1.446208190357217482e+00,-1.757008266615831982e+00,-5.878095332924797578e-01,-1.428367435296615806e+00,-1.743885409062165603e+00
4.407490920305865423e-01,1.483016590421490033e+00,6.354991109612663225e-01,4.787228737427300373e-01,1.164394036521099629e+00
2.434572620550711441e+00,1.168362056030751939e+00,5.361341445221868840e-01,2.284533703497800161e+00,1.517200878269757691e+00
-1.686244131496038134e+00,-1.272698067401417665e-01,-1.364935533524653521e-01,-1.318647814262328133e+00,-1.440708034562098616e+00
-4.455986794553237207e-01,-1.998990170434190139e+00,5.899866704752967372e-01,3.947268465460937459e-01,-3.894326501045425881e-01
-1.332222459529954328e+00,-3.061845331843959794e+00,-2.556331476258791313e-01,-1.050832009150701962e+00,-9.244152566323344811e-01
-1.976193375058908686e+00,-2.699314920718714372e+00,-3.812990010993091428e-01,-6.069281448968052217e+00,-2.256389431775488674e+00
4.093259379837367873e-01,-7.527448251916710742e-01,-3.372457419594547257e-01,1.358375879505258288e+00,4.395521000110239052e-01
6.818001435097220675e-02,7.970480575794353095e-01,-8.352324927638887786e-02,-2.307328249279709365e+00,-3.472039859292129216e-01
-8.414366216903420570e-01,1.412574470222268896e+00,-1.917801610456217332e-01,2.234708366228389753e+00,4.936604198446278291e-01
-3.652140948046025404e-01,1.566667118923587010e+00,9.152517779090503514e-02,-4.504477745565040325e-01,-3.290633802195791491e-01
3.583969810392799715e-01,-1.901776721278339632e+00,-3.647241411132055577e-01,-4.419824466612456426e-01,-3.427051273845872492e-01
-8.077293786191229730e-01,-4.064300035973154035e-01,4.534578582055438511e-01,-1.102446433845241991e+00,-6.392096905921307304e-02
1.945090985777095494e+00,1.241003037075159909e+00,6.054255104858153880e-01,4.294679507141728081e+00,1.205184577493814801e+00
4.797960976272818145e-01,6.766127420162136863e-01,-2.940416286048195826e-01,-6.053330802842042946e-01,4.820802880319059458e-01
-1.988865052896356289e+00,-4.962483374944561265e-01,-8.463016953012044707e-01,-4.060050373586250316e-01,-2.025946268553505902e+00
-2.911111863343278205e+00,-2.540818302795340156e+00,4.292502664529457834e-01,6.573355836692860166e-01,-1.503772071105147656e+00
1.858326780562964631e+00,2.847669793206806244e+00,6.751537511109051426e-01,7.073972374108366878e+00,1.644170656161942023e+00
1.307369129939583097e+00,-4.380700568856398247e-01,-9.680481788022149425e-02,3.608246838361603537e+00,1.122864017641223455e+00
-1.733142801399252697e+00,-3.197588909858152917e+00,-7.628929525915383314e-01,-2.588042452151567030e+00,-1.930507394494719531e+00
-2.027200067338963130e-01,3.144694041034752363e-01,1.581868059758096967e-01,-1.941092434222958740e+00,-3.983952519006181414e-01
-2.057691634445459883e-01,1.104880488556403001e-01,9.041143791544532515e-01,2.550808915191942194e-01,1.078046264000279919e+00
-4.571136074762929269e-01,-6.137319344019649403e-01,-1.112644662261760953e+00,-2.512180187968408696e+00,-1.702857559991365344e-01
-2.754156342002783697e-01,-4.839789794666733425e-01,2.834056050572092422e-01,2.767180040581082245e+00,4.389185056722345046e-01
-1.775329414106551873e+00,-2.467650889920848467e+00,-1.859824382657668251e-01,-1.452673501419420532e+00,-1.602196643398434706e+00
6.265743604434154124e-01,2.027144013276801271e+00,-5.074067973260044662e-01,-6.153909120342264671e-01,8.256335775292957813e-01
-8.763282740047204644e-01,-5.086656342202957592e-01,2.954278135406276373e-01,4.713604511439470901e-01,-6.136528653084725171e-01
-2.106389410647295790e+00,-3.705618897194283168e+00,-7.701943470980278095e-01,-2.210997706936911111e+00,-1.909101676210398280e+00
-1.736388007846372705e+00,-8.106129172745661915e-01,1.760855208098062452e-01,1.013597621935500737e+00,-5.393913848528260058e-01
-2.736438203849325568e+00,-5.034046955729261086e+00,7.787506518715771042e-01,-1.282935524144340977e+00,-1.514732085157479702e+00
6.070614200675346073e-01,-1.537398698192798214e-03,1.047751819664594075e-01,-1.055014498422455205e+00,4.471768168815282163e-01
-6.552589961805701524e-01,-1.701088424688787404e+00,-5.196512561127639707e-01,-7.789671161203187699e-01,-8.833161227078931699e-01
-9.618704891411558044e-01,2.499006423289851231e-01,-1.055113937811617886e+00,-4.507848159741267846e-01,-1.548610946447037673e+00
1.573009942008427808e+00,1.052838117168316989e+00,-7.601895809631925571e-01,6.611418169553502366e-01,3.087944639833593019e-01
1.425543190603629107e+00,-3.550624093180990148e-01,-1.091828032070708554e+00,5.384232548762069026e-01,2.186323991403162359e-01
4.280485930026456387e-01,4.000645551019629487e+00,9.485675300388155540e-01,-7.547405961713833378e-01,8.629425800749400688e-01
1.238425979404170985e+00,1.097548483820997012e-01,-1.479420474374102679e-01,-1.355103444534611068e-01,6.074383662966723607e-01
1.356112335429068061e+00,9.019638448735577407e-01,-6.197727948614218940e-01,1.693888412490618944e-01,-1.239603401483080347e-02
-5.607486122846550014e-01,-5.661148492651592312e-02,-7.698259969740447461e-01,2.569772997714283580e-01,-8.589094297757573493e-01
-2.202573420397936133e+00,-5.700564618963064323e-01,-6.328667967953393036e-01,-3.305737648386673389e+00,-1.944144767977689092e+00
1.310406573063072067e-02,-1.463442684943612182e+00,-1.991517785127854268e-01,-5.676258970903136358e-01,-5.806238886203308330e-02
2.137754410876470335e+00,1.888094612395936123e+00,-7.605764672750591204e-01,5.108539100442835768e+00,1.294207451463485370e+00
1.627716189914631517e+00,1.192061346145412148e+00,9.940352074323873799e-01,8.416634803326767944e-01,1.776568017040958125e+00
2.506740096165342546e+00,2.638930464093155681e+00,-4.431951336598523028e-01,1.050927729882062289e+00,1.044755203968794621e+00
5.953646622276176359e-01,-1.121224451375737230e+00,-4.640645617326691896e-01,-1.777051351116459177e+00,-2.668365102292297730e-01
-6.253381047092018141e-01,-1.398142045863491223e+00,1.824978047313410290e-01,-6.787153054413356257e-01,-5.866814900408039435e-01
9.159829908066688953e-01,-4.423872511199747892e-01,8.601833734585557778e-01,2.223531386726929959e+00,6.791440533220294284e-01
1.404545622693132323e+00,3.972678553061762680e-02,7.851057946535241472e-01,2.056016914450095712e+00,5.374124043564378894e-01
1.670234670661089327e-01,-2.855619308848218463e-01,-2.892724387562702337e-01,3.524367890036973483e-01,-2.803718433455079651e-01
-2.744522206968921907e+00,-3.370608613753014016e+00,1.514665018183581069e-01,-1.182269746188213233e+00,-2.532461882797311326e+00
1.879539839700136827e+00,-2.952596175377764642e-01,8.853084815882057701e-02,9.046761010525894431e-01,6.676110094388307825e-01
2.106631537845138902e-01,3.384884110626116827e-01,3.142226298900427373e-01,6.630472017195596646e-01,-3.383456842899051908e-01
-8.472298596004488314e-01,7.222521415608964546e-01,1.516305299738724133e-01,-2.850320788654659765e+00,-1.045158608409954892e+00
7.522909274233169352e-01,-6.325870890298299631e-01,-5.596816750321440548e-01,1.197687565745184646e+00,-3.676818297379778611e-01
1.379105510857116412e+00,-1.139283683448458762e-01,-7.472813179690028784e-01,-8.247332313950013205e-01,7.631061438569985977e-02
1.565186695410654583e+00,1.949510395597732870e+00,1.041621470920084530e-01,3.336447035939392514e+00,9.835434182972850881e-01
1.631337339790800200e+00,2.149996199244097461e+00,-7.018273743755366612e-01,-9.762448924904343350e-02,1.168758211578161399e+00
1.360309957367051625e+00,1.086966201585008174e-01,8.083791115935171634e-01,1.365728265209545045e+00,6.447418526866007804e-01
-9.567249151832868392e-01,-3.738603990359546519e-02,2.367801635108350913e-02,4.048503664295559079e-01,-8.761450468362830257e-02
1.458603432514651022e-01,8.868252411232301763e-03,-6.084546931400981462e-01,5.837000409315764582e-01,5.588938513876084979e-02
1.818241059287694084e-01,1.475420420228809038e+00,-1.907265515812785750e-01,1.941522986080554403e-01,3.020066540662587062e-01
1.055794748019835305e+00,2.789432644763505942e-01,-3.008286239061508938e-01,3.056235933678874250e+00,4.301111670124964093e-01
1.146794786456257487e-01,2.746330692416169561e-01,-7.782402394510122556e-02,8.488311301570475864e-01,1.374819459312601744e-01
3.757569279136354190e+00,2.472362174362559006e+00,5.608797935793548017e-01,2.244646709454504396e+00,3.140222572088016140e+00
-1.557710194592432096e-02,-1.049694277101036910e+00,-8.565326699689476131e-01,-9.385895107188210185e-01,-1.292923927392248262e-01
-1.761361236590309964e+00,-1.784321939271379831e+00,-1.107456074138756463e+00,-5.002497573701165656e-01,-1.950257629311334728e+00
-1.422484833864323450e+00,-2.045555239297140726e-01,2.004611506570680712e-01,-1.986285509202569077e+00,-4.802323696853018076e-01
3.479357889669775439e+00,3.136132735333860833e+00,-1.051271332275164616e-01,6.673657532429787764e+00,2.937756670058432107e+00
2.267885548708929111e+00,9.134154437536734505e-01,9.679096792633724855e-02,2.138451806918985731e+00,2.097710070709216890e+00
-9.863803326845304031e-01,-2.741586270141336268e+00,2.636120662354498601e-01,-3.061898966291051405e+00,-1.680732871533180961e-01
7.677336180013311084e-01,1.525837748601055921e+00,-1.073600465730304016e-01,1.633520269788641066e+00,1.519233460857787876e-01
1.049022416650922551e+00,3.569908208745961598e-01,4.742087647283975693e-01,-1.659767925424138202e-01,9.624071778931764243e-01
-7.741148963214855572e-02,4.732201387532222747e-01,-5.295418061386042430e-01,-6.148855858647922723e+00,-2.512922301087068822e-01
-4.869842037783624455e+00,-2.736119303037370276e+00,3.817532980476150833e-02,-4.464660198795217028e+00,-3.533478359158802817e+00
-1.865665879351066758e+00,-1.225905757178965771e+00,-4.926343405910116879e-01,-3.828687401134100554e+00,-1.411424622386621142e+00
-6.295517645600374745e-01,-1.008321090819220611e+00,-6.700238186109560568e-01,-5.820897580304966734e-01,-6.885800102192961569e-01
1.169222270864251456e+00,1.398351467097697309e+00,3.649556240776794525e-01,2.314429778236835045e+00,9.589751615619555025e-01
-3.257644868808268757e-01,-1.576557845483493647e+00,3.374433546266590866e-01,1.100730376677557798e+00,-1.242599983120519225e-01
4.206692033927272867e-02,-1.628763149631309304e+00,-1.151576583568417966e+00,-1.112044649843371369e+00,-5.879679844798443300e-01
-2.369827694674849550e+00,-2.688702761820009890e+00,-6.653353791691176689e-01,-4.998490675213987267e+00,-1.940267826220783753e+00
2.928054402624269414e-02,1.268655584826280602e+00,1.731440608177485796e-01,1.925648821495603569e+00,-8.074350397893299836e-02
-7.588045047365408191e-01,-7.763032144766609521e-01,6.346379006282913959e-01,-3.790109146868990142e-01,-4.070875851268196954e-01
1.411585201002075962e+00,1.285717899058433922e+00,-3.949084337500262110e-01,9.993651487127697131e-01,7.286734972122836940e-01
-1.707811255006270290e+00,-2.431189920244826996e-01,-1.089977351182626758e-01,-4.751384896479239117e+00,-1.802705295559695386e+00
-4.276718005564017488e-01,1.001387322431996463e+00,-8.381017347181006771e-01,-3.285149356089539729e+00,-1.692064164562610662e+00
1.111066435124666851e-01,-1.490226740788046067e+00,1.488888389295670134e+00,1.147134092414078488e+00,7.364380237346092040e-01
2.297072947376796459e-01,9.877844734634509960e-01,2.817425527764956805e-01,-7.498478462720887805e-01,-3.105223942202038345e-01
-1.508787546815978375e-01,-9.834394430132926690e-01,5.304974629167106270e-01,1.541925067511175085e+00,1.028158205829662108e+00
-2.247754396729950255e+00,-1.340835559281967404e+00,3.902004114660609924e-01,-2.807797641887606055e+00,-9.502227795202273786e-01
1.438397229597708993e+00,1.700306851570853706e+00,5.534050288185613509e-01,-2.751748758779708481e-01,1.914970624516754816e+00
3.291778201934751902e-01,-2.190994349469508773e+00,3.605876490027586923e-01,1.499624510352103757e+00,7.922368822070747774e-01
9.964957891004651014e-01,2.087887826971442651e-01,-1.987631738186294017e-01,2.517035762778191965e-01,4.077131488561097639e-01
9.132949268003516252e-01,5.908301024130009349e-01,4.411931040756896794e-01,3.106271743607856628e+00,1.110922970995968040e+00
5.924282739035049428e-01,4.386371331455664047e-01,4.692926420044882946e-02,2.991382157971249178e+00,6.977407378294733231e-01
5.615910184995547283e-01,1.135951841393026268e-01,7.688578507469292500e-01,-1.858778239179430525e-01,6.499049389594624415e-02
1.505389636445498169e+00,1.786681116318729501e+00,-4.361732025143944536e-01,9.476193351156964040e-01,1.205510843089106610e+00
1.737616083901877495e+00,-1.136310184951449420e+00,-3.209626127911766602e-01,2.723714993646760174e+00,5.492679340749515582e-01
2.991613574725671576e+00,2.642552618941920617e+00,3.920584556766110729e-01,3.502621425203686467e+00,1.626075696962832939e+00
1.379836730055228333e+00,2.562787465354817051e+00,7.588181423861688479e-01,7.866983437036678684e-01,1.718238917190968440e+00
5.292932449786718063e-01,5.104120024941460887e-01,8.607935353858953142e-02,3.066438366521861525e+00,1.069173624081726226e-01
-4.154606798392607159e-02,-1.146383973705521336e-01,-4.225224949599113433e-01,-5.336492297656437733e-01,-7.474404394287369469e-01
-1.964105012503391423e+00,-2.019244891062137004e+00,-7.053975380896480851e-02,-1.217875487063350581e+00,-7.550904766935017109e-01
-3.812348477501761868e-01,-1.593240653655416672e+00,-2.954423624080786404e-01,-3.784318494085614937e+00,-1.331159265254636903e+00
-8.557128374450323482e-01,-1.211065641836129192e+00,1.124807489860720100e+00,-1.085004205533111499e+00,-3.983919909523615521e-01
1.224605794850197604e+00,3.382276554875954244e-01,5.329263788045806027e-01,3.053951106903870727e+00,1.694469294951097993e+00
1.309048725650211242e+00,2.820479802703080185e+00,7.498032369919268580e-01,3.994558643867509584e+00,2.669189761340028166e+00
-1.139629765164092534e+00,-2.746506376006527805e+00,1.788132990902544517e-01,1.408648003429246121e+00,-6.488571807312762951e-01
1.591102875455319587e+00,1.662807433907611543e+00,-3.291829240741889206e-01,3.317178290045859512e+00,1.386355400491781520e+00
-4.290320822580181437e-01,3.208415151636690443e-01,6.957347054009149767e-01,-2.104486107090733249e+00,-4.488476461154013997e-01
1.092576691169011571e+00,6.497413152551549942e-01,9.807770801220576651e-01,2.647886509881675732e+00,2.331686285953291193e+00
-8.909736208869761809e-01,3.343100213877207572e-01,3.450965874650144261e-01,-1.497397768867764878e+00,-7.337088113307135284e-01
-2.793206520029500317e-01,-1.150924738848017048e+00,-1.438140522411136997e-02,-3.275852567873600130e+00,-1.661702685368835031e+00
-1.224031604185153332e+00,-6.010246744945038078e-01,6.410076524647879692e-01,-1.718428358036732995e+00,-4.427248637474262005e-01
-1.171147658144298109e+00,1.972142213287505774e-01,-2.200677425507700791e-01,-2.554888916191464077e+00,-8.368331370790396129e-01
1.209958437694692579e+00,2.079494417015034902e+00,4.533656375391315052e-01,-6.797657051846072163e-01,6.509402105851778142e-01
-1.128493177520299096e+00,-4.271230439759735042e-01,-4.219629896496714938e-01,-1.250058620247779695e+00,-8.529307871021503118e-01
-3.699203160071804497e-01,2.456475678301560439e+00,-5.754181756429326278e-01,6.948215129301066328e-01,1.321111495321662943e-01
-2.458874262384935783e-01,2.063498075589995207e+00,3.358966788771752809e-01,1.019948913056622608e+00,-6.942240327027010549e-01
-1.238756953268467909e+00,-3.560218748729215843e-01,2.003895502070128509e-01,-1.965747394341786469e+00,-4.785383690277231761e-01
4.116804370510150912e-01,7.004631977310915580e-01,1.129236417159547257e+00,-4.162721000889297862e-01,3.547147261907830362e-01
-4.208730315449069614e-01,2.255462717917989135e+00,-1.661009500244889636e-01,-4.443921216829961551e+00,4.000629182711818999e-01
-1.944391036779161697e-01,-5.553545960043720919e-01,1.002466417482474004e+00,2.123864455048405819e+00,1.080862156295576249e+00
1.727625548521597665e+00,1.298514687939983370e+00,-2.762966369379933340e-01,7.232275063907924739e-01,1.403641163795965374e+00
-1.701877443897982012e+00,3.879862419035402521e-01,1.946205954165391647e-02,-2.112262955968188471e+00,-1.951177698882760492e+00
-2.170182845713353625e+00,-1.601478216794034015e+00,2.416534616202013763e-01,-4.402537742450205016e+00,-1.355135916903003279e+00
-4.501667118203251050e+00,-4.429497698478997769e+00,-4.678242042685117896e-01,-2.627647409752360552e+00,-2.982298603823128058e+00
3.181793774568543398e+00,1.626699768955803371e+00,1.224866008496504084e-03,-1.223685406076642224e-01,1.790695766452038651e+00
2.710659291459154296e+00,2.007545851285026384e+00,-5.279907422708566417e-04,2.540153703462575852e+00,1.981761472189129458e+00
7.748103529138812284e-01,-2.696929649629506986e+00,-1.040535606821657577e+00,-1.338957401897744037e-01,4.298880962869824907e-02
2.265868931808479925e+00,2.919934283008188469e+00,6.034619721347453947e-01,1.105443529763547206e+00,1.857116895464188122e+00
5.620018628172798181e-01,-7.657340923337772054e-01,3.560901763304418211e-01,5.119148189620401190e+00,4.765070839753943188e-01
1.237250475412428274e+00,4.686883487219914990e+00,-3.708737119540654881e-01,1.780129495600603073e-01,8.741622027029330999e-01
2.417137986500173419e+00,1.071976440434306177e+00,-1.017265637781343129e-01,3.574676234367642813e+00,2.216997088578461117e+00
-1.401512273664394126e+00,-5.982782757193187972e-01,2.996379482834379826e-01,6.080606206951766346e-02,-1.299550979463748090e+00
4.772318446046778240e-01,2.204680547236620214e+00,-1.549819849732220478e-01,-9.133964822672568928e-01,7.788022910533702881e-01
-2.681852239831891693e-01,1.979434569794447651e-01,-1.439480030957147605e-01,1.931474855125586920e+00,-1.383363247161052967e-01
-6.550654632551553558e-01,2.300464880044117977e-01,-8.617589837538832676e-01,-1.037460920427866640e+00,-6.618282165104526493e-01
9.079722308666146047e-01,1.355998499014378633e-01,3.288610975975015394e-01,1.842556462512915605e+00,1.975092466543700853e-01
-3.662339421224978242e-01,-2.763170209060658022e-01,7.346025383607476811e-02,-1.615056699411536068e+00,-1.407107898564547710e-01
5.124928683913823058e-01,1.129693403413118080e+00,1.627522467689471730e-01,-7.718135415135551902e-02,1.205084540402052040e+00
5.333645740955056391e-01,1.443953036061181638e+00,-9.052152092231010583e-01,1.045426725785175703e+00,-6.688645248212211625e-01
1.636855443956663159e+00,6.319913723852931264e-01,9.788499530312695374e-01,1.546712661806861844e+00,5.936444632370869723e-01
1.055525526740943576e+00,3.228617939443545026e+00,9.151957345065361848e-02,3.802759866410432288e-02,-1.409062072620355099e-01
-1.403190324654543186e+00,-2.416178704447366599e+00,-2.295704768867010415e-01,-1.888934468353202778e-01,-9.354571865840933809e-01
-7.683495627693714969e-03,-8.258294612806392765e-01,1.203221433064832757e+00,3.204614150320829413e+00,1.859913431485057833e+00
-8.565101428187257282e-01,1.468888019738123329e+00,-2.691350427613941471e-02,-1.828764122975047313e+00,-1.236007931656901704e-02
-1.541328803939873371e+00,-2.095480569029948281e+00,-8.602393179721472549e-01,-4.275578773276198064e+00,-6.256893895365212011e-01
1.944779412314199263e+00,2.786696664170893012e+00,-2.402964448168323774e-01,-1.044524546632360940e+00,1.249700429261985990e+00
1.785856296183081060e+00,1.269482925191553813e+00,-1.356950111546805449e+00,-1.227926775381291469e+00,1.236869346661550351e+00
-6.776968218548423684e-03,-3.224121548941425996e-01,6.222826408221461270e-01,-3.257368871734591220e+00,1.776111404096211710e-01
-1.709317516282083393e-01,9.515256472528802467e-01,-2.469654954796966229e-01,-9.219202015807725914e-01,7.427179223925309270e-02
8.743636471894793427e-01,-1.044885383723736849e+00,-4.403275090863177366e-01,-5.397552564943169928e-01,2.270686015853127793e-01
-1.563259798464008199e+00,-2.639503262696542230e+00,6.359650659203529566e-01,-1.363163513944795513e+00,-1.018690920643470443e+00
8.098214628862848707e-01,1.526944626342102040e+00,-9.790728572677777075e-01,4.798324908350436457e-01,1.112963876054472723e-01
1.034890289221519044e+00,1.679864603769087861e+00,3.175047545532921345e-01,1.902662161567650889e-01,6.213637706424285367e-01
4.263006334491391269e-02,2.038451076789507266e-01,-1.224179264018497193e+00,-3.049483805133512138e-01,7.342767964765983812e-02
-5.484347225965326977e-01,-3.910963332462525505e-02,-3.926544858478753230e-01,-4.927038476009003576e-01,-4.756579676932785050e-01
-1.470715161523357128e+00,-3.788907504536572102e+00,-7.140914520056454995e-01,-3.052554561418124202e+00,-1.163341092032406099e+00
-1.894982545353919079e+00,-1.486261346608134248e+00,8.669382939074870009e-01,-2.417118628403422953e+00,-1.014302780148053973e+00
-9.119859536855722260e-01,-8.291716385166798542e-01,1.047317390096667244e+00,7.928304224675329914e-01,5.769790722659270399e-01
-1.862192197756836476e-01,4.162894396135146668e-01,-1.953393686989743361e-01,-1.842544334779770976e+00,-6.087508572064875834e-01
3.473609079364810004e-01,2.467049251687477796e+00,4.985471912171455244e-01,1.732903359696371659e-01,8.385784868219862132e-01
-3.899196455647125914e-01,-9.255689612124404775e-01,-1.067303043386998163e-01,-8.091179582969294515e-01,-5.031349279865975355e-01
-5.690097441454519123e-01,-1.389620793547459821e+00,3.368555496185853815e-01,1.202868319654592622e+00,-7.005632480796198935e-01
9.424554817275372365e-01,1.702148711519933189e+00,-4.464256328949030572e-01,6.982391130822167558e-01,1.547792238307604817e-01
-2.670962936714068592e-01,-2.257450790439309019e-01,-1.013029661124861702e+00,-1.969283296584189991e+00,-1.126299560996479876e+00
-7.066574155696522253e-01,-2.437797377525741549e+00,-1.069221159116492403e+00,-2.384389503453090420e+00,-1.146746600057869880e+00
2.768583009473294609e+00,2.170379286682089237e+00,2.271877850346847860e-01,2.151398080202341134e+00,1.825060900808448405e+00
2.022241048122787044e-01,-1.527396734737048511e+00,1.332803491525943018e+00,4.788660251352881758e+00,9.922423924876034862e-01
-3.569548421951687089e+00,-1.000101859957365891e+00,1.597586546340074853e-01,-7.564237326994933674e+00,-2.051406032214147412e+00
1.724213575817651334e-01,-1.840923932197191082e+00,-3.110857836845026814e-01,6.859007396374382504e-01,-1.209615280765350270e-01
-1.498436335251768226e+00,6.390491745710008553e-01,1.133809852622728487e+00,-2.019395666542134760e-01,-4.438245084417719588e-01
-7.600265901887859332e-01,1.912460204395286523e+00,1.407178438787324570e-01,9.874813398916586493e-01,-2.936051123165160925e-01
-2.166928521984163303e-01,-6.688556594478443085e-01,6.014943371607370942e-02,-2.310412461886676816e+00,-3.968809793229005067e-01
-9.580194551324349161e-01,7.060169345748256164e-01,1.497763075289370582e-01,3.057857837785187272e+00,-2.056889797562313493e-01
1.087808783184715189e+00,-8.397484502339831458e-01,-7.849847813782705186e-02,3.024964388793219605e+00,1.137151652594381002e+00
2.804295095881101929e+00,4.162007179645351052e+00,-1.835166645193813117e-01,2.370138342892111893e+00,1.918199221811217603e+00
5.743222184250630358e-01,2.676788178774194726e+00,-8.509203271982765937e-01,1.776301353989783616e+00,1.193821031289127976e+00
-2.144844647677670579e+00,-1.060643387678770866e+00,2.974585577478276455e-01,-2.182227499984598307e+00,-8.275050634067490085e-01
8.029722871245101867e-01,9.410904384585239146e-01,-5.620098295706756758e-02,6.653857094020685370e-01,4.586650745780023186e-01
2.049721680362164733e+00,1.674032558978676644e+00,7.074891364457002174e-01,1.785431490687122036e+00,1.573565919466251684e+00
4.813769948628005557e-01,7.593070736527287590e-01,-2.187060083943856426e-01,1.600914287321902219e+00,9.312746753754166940e-02
1.142205882095896685e+00,-1.350442717144486604e+00,-1.130460056437347705e+00,4.708267266273752361e-01,-7.111880651624219452e-02
3.732688152647073987e-01,-2.892109315095959254e-01,-5.906820172821393433e-02,9.040909845491841290e-01,8.101663438082351565e-01
1.439790767543633443e+00,1.294606762720787119e+00,1.007810210408191853e+00,2.521286071777685045e+00,1.140142555747563957e+00
1.050361701244665324e-01,7.910084419513393472e-01,-2.273664361097983977e-01,7.598066743555036417e-01,-8.883890573302749560e-02
-4.100916620627022557e-01,-1.526187645770054502e+00,-5.276770518982998315e-01,-7.085342210702234578e-01,-8.283028618579386659e-01
1.852948727314946697e-01,7.960768177786404776e-01,-7.077891898078386701e-01,-2.015024791918109237e+00,3.023486774383097875e-01
-2.762553946250296821e+00,-1.807308947588841086e+00,-6.226504504065261125e-01,-2.140448164136828701e+00,-2.940330906810490141e+00
4.742610135044700304e-01,-3.798132164323426263e+00,-1.780121646208789044e-01,-1.778421945395386894e+00,4.166604840619755890e-02
1.475091401183270534e-02,3.096879730686853405e-01,-6.997186847046079627e-01,-2.118154836121190154e+00,-4.168384722874532988e-01
9.775781258149462971e-01,1.694296506469215258e+00,8.880864192243191901e-01,1.485986816585561865e+00,1.292409434108868105e+00
1.699986257482531071e+00,7.871154450152406667e-01,-1.676001328615470132e-01,2.476713228802678302e+00,1.309037800111215066e+00
1.442410193367904991e+00,2.616639774191151346e+00,6.442749938245817543e-02,3.364014176053525151e+00,9.024935045237717501e-01
1.800732522493000420e+00,3.116269480713857121e+00,8.528629979363794300e-01,1.377400960945363018e-01,2.182306780056110007e+00
7.400860997730631663e-01,6.297149987693151374e-01,8.914542547975168318e-01,3.754703616627071305e+00,1.130207107540799116e+00
-1.708279677108618611e+00,-1.145923768900642514e+00,-1.261487209848992375e-01,2.641004664947049552e+00,5.546705377460536823e-02
1.444944694132825669e+00,-8.413947627232365445e-02,1.968577003882166776e-01,-3.401255844233995185e-01,3.009422954174213460e-01
-9.654852664460029654e-01,-2.581055307397998710e+00,4.358641014086402365e-01,-4.538308504952830447e-01,-1.076799098925226850e-01
-6.290222416886727119e-01,-6.446185118521084723e-02,-1.143615397235091535e-01,-2.215046192228943500e+00,-1.030743777477860057e+00
8.251662736877094506e-01,-1.618182586515634347e-01,-1.054345503849022148e+00,-1.460256995430464055e+00,-4.013064313794577620e-01
5.081564245430630899e-01,3.140114728233792674e-01,3.882345472897391625e-01,-8.539351178345766513e-02,1.579533658991465250e+00
6.596687477674434419e-02,1.949757250810375098e+00,5.303428093196935755e-01,-1.085144394238401810e+00,1.227615316771142773e+00
-1.784897003789450487e+00,-3.787714165482238382e+00,2.463892836846916234e-01,-2.934089025167770259e+00,-2.051367343852792402e+00
6.837522559890539808e-01,1.338493956585575795e+00,-5.476536093589715604e-01,4.876496261876009375e-01,6.480919742775093084e-02
-1.645362048284887413e-01,-9.629388320878389251e-01,-1.162424191813952595e-01,2.608327672559929589e+00,-2.065525448956341825e-01
1.086845828851563667e+00,1.412901695614359632e+00,-3.503211471680989786e-01,-2.276190524279757987e+00,-5.510478919794170594e-01
8.544232760379010250e-01,3.093144158964215573e-01,-1.777260468077145883e-01,-2.692844024910879153e+00,4.635238797098827357e-01
-2.113080015456214600e+00,-1.844333871426876659e+00,7.690411628265370059e-01,-8.347142524299877575e-01,-8.334432700705824981e-01
7.961342088162713937e-01,1.557262325960614424e+00,9.070268567314698771e-01,7.059288503571158335e-01,1.125733963682143512e+00
-1.571516267176476855e+00,-1.317338869949290503e+00,3.969589203147799727e-01,-1.867988551325242330e+00,-1.899856997290674032e+00
9.596329178011431260e-01,9.314795163972099390e-01,3.254008815710603408e-01,1.161104637456121802e+00,1.397815005992066206e+00
-1.837536534000301591e+00,-1.054260861030298813e+00,4.012348570625337563e-01,-3.146039429025170531e+00,-9.144348310073922015e-01
-2.571683446166257880e+00,-8.505084820074487739e-01,-7.259505680347977906e-03,-3.363124876502711302e+00,-1.785401441765938069e+00
-3.232292009520322251e-01,2.004398508053454875e-01,-4.486774676111050103e-02,4.489842260301077914e-01,-6.351877159632443037e-01
4.215128351249073368e+00,3.392760728213146226e+00,-3.994654894185232785e-01,4.299373477914561370e+00,3.030104494381893776e+00
1.753320029959382298e+00,1.236437866429623389e+00,-3.312889143281113474e-02,5.898933864838402652e-01,1.652987495930499762e+00
6.460255742300359538e-02,-3.487862605348399092e-02,1.340128076308202187e+00,1.994820963555797189e+00,4.894395655781829668e-01
3.937803796284191638e+00,2.961885111324540798e+00,5.153324442745874645e-01,1.552662704035019825e+00,2.993053319508359511e+00
-1.618304518975569317e-01,5.452027502765374734e-02,-2.028722935495793356e-01,-5.684561671048184994e-01,2.145338130455237413e-01
-4.521637997582270141e-01,-5.299108495260359541e-01,-2.798482266287143916e-01,-1.566412756050941102e+00,-1.469242986827746122e+00
